C2_NM,DT,PRD_DE,C1_NM,ITM_NM
전체,5586586,2016,합계,응급진료결과 현황
전체,5591404,2017,합계,응급진료결과 현황
전체,5794793,2018,합계,응급진료결과 현황
전체,5937569,2019,합계,응급진료결과 현황
전체,4644231,2020,합계,응급진료결과 현황
전체,4812100,2021,합계,응급진료결과 현황
전체,5061764,2022,합계,응급진료결과 현황
전체,5830676,2023,합계,응급진료결과 현황
전체,4262143,2024,합계,응급진료결과 현황
서울,1365315,2016,합계,응급진료결과 현황
서울,1368390,2017,합계,응급진료결과 현황
서울,1439029,2018,합계,응급진료결과 현황
서울,1383982,2019,합계,응급진료결과 현황
서울,1093564,2020,합계,응급진료결과 현황
서울,1109324,2021,합계,응급진료결과 현황
서울,1186025,2022,합계,응급진료결과 현황
서울,1331190,2023,합계,응급진료결과 현황
서울,800599,2024,합계,응급진료결과 현황
부산,221394,2016,합계,응급진료결과 현황
부산,208775,2017,합계,응급진료결과 현황
부산,210506,2018,합계,응급진료결과 현황
부산,235707,2019,합계,응급진료결과 현황
부산,206589,2020,합계,응급진료결과 현황
부산,204755,2021,합계,응급진료결과 현황
부산,206438,2022,합계,응급진료결과 현황
부산,224361,2023,합계,응급진료결과 현황
부산,141547,2024,합계,응급진료결과 현황
대구,217772,2016,합계,응급진료결과 현황
대구,225670,2017,합계,응급진료결과 현황
대구,238731,2018,합계,응급진료결과 현황
대구,246780,2019,합계,응급진료결과 현황
대구,184440,2020,합계,응급진료결과 현황
대구,209957,2021,합계,응급진료결과 현황
대구,217511,2022,합계,응급진료결과 현황
대구,233527,2023,합계,응급진료결과 현황
대구,146951,2024,합계,응급진료결과 현황
인천,355014,2016,합계,응급진료결과 현황
인천,371256,2017,합계,응급진료결과 현황
인천,380219,2018,합계,응급진료결과 현황
인천,390872,2019,합계,응급진료결과 현황
인천,309621,2020,합계,응급진료결과 현황
인천,330256,2021,합계,응급진료결과 현황
인천,352900,2022,합계,응급진료결과 현황
인천,394035,2023,합계,응급진료결과 현황
인천,318810,2024,합계,응급진료결과 현황
광주,164953,2016,합계,응급진료결과 현황
광주,164529,2017,합계,응급진료결과 현황
광주,170088,2018,합계,응급진료결과 현황
광주,182436,2019,합계,응급진료결과 현황
광주,140056,2020,합계,응급진료결과 현황
광주,143820,2021,합계,응급진료결과 현황
광주,146677,2022,합계,응급진료결과 현황
광주,156449,2023,합계,응급진료결과 현황
광주,118652,2024,합계,응급진료결과 현황
대전,209772,2016,합계,응급진료결과 현황
대전,204628,2017,합계,응급진료결과 현황
대전,211549,2018,합계,응급진료결과 현황
대전,203632,2019,합계,응급진료결과 현황
대전,154941,2020,합계,응급진료결과 현황
대전,153436,2021,합계,응급진료결과 현황
대전,157759,2022,합계,응급진료결과 현황
대전,198932,2023,합계,응급진료결과 현황
대전,125075,2024,합계,응급진료결과 현황
울산,82502,2016,합계,응급진료결과 현황
울산,81219,2017,합계,응급진료결과 현황
울산,84090,2018,합계,응급진료결과 현황
울산,82288,2019,합계,응급진료결과 현황
울산,68075,2020,합계,응급진료결과 현황
울산,70860,2021,합계,응급진료결과 현황
울산,69301,2022,합계,응급진료결과 현황
울산,147649,2023,합계,응급진료결과 현황
울산,121273,2024,합계,응급진료결과 현황
세종,10006,2020,합계,응급진료결과 현황
세종,27538,2021,합계,응급진료결과 현황
세종,32364,2022,합계,응급진료결과 현황
세종,38426,2023,합계,응급진료결과 현황
세종,27775,2024,합계,응급진료결과 현황
경기,1355595,2016,합계,응급진료결과 현황
경기,1314645,2017,합계,응급진료결과 현황
경기,1376578,2018,합계,응급진료결과 현황
경기,1488891,2019,합계,응급진료결과 현황
경기,1093766,2020,합계,응급진료결과 현황
경기,1146462,2021,합계,응급진료결과 현황
경기,1188655,2022,합계,응급진료결과 현황
경기,1436224,2023,합계,응급진료결과 현황
경기,1083500,2024,합계,응급진료결과 현황
강원,192048,2016,합계,응급진료결과 현황
강원,202152,2017,합계,응급진료결과 현황
강원,211381,2018,합계,응급진료결과 현황
강원,211083,2019,합계,응급진료결과 현황
강원,177957,2020,합계,응급진료결과 현황
강원,178243,2021,합계,응급진료결과 현황
강원,190380,2022,합계,응급진료결과 현황
강원,193714,2023,합계,응급진료결과 현황
강원,126322,2024,합계,응급진료결과 현황
충북,122280,2016,합계,응급진료결과 현황
충북,120014,2017,합계,응급진료결과 현황
충북,124053,2018,합계,응급진료결과 현황
충북,156992,2019,합계,응급진료결과 현황
충북,120027,2020,합계,응급진료결과 현황
충북,128447,2021,합계,응급진료결과 현황
충북,134069,2022,합계,응급진료결과 현황
충북,160780,2023,합계,응급진료결과 현황
충북,152626,2024,합계,응급진료결과 현황
충남,283273,2016,합계,응급진료결과 현황
충남,269894,2017,합계,응급진료결과 현황
충남,277642,2018,합계,응급진료결과 현황
충남,273457,2019,합계,응급진료결과 현황
충남,209273,2020,합계,응급진료결과 현황
충남,226212,2021,합계,응급진료결과 현황
충남,247204,2022,합계,응급진료결과 현황
충남,277826,2023,합계,응급진료결과 현황
충남,222191,2024,합계,응급진료결과 현황
전북,215054,2016,합계,응급진료결과 현황
전북,248885,2017,합계,응급진료결과 현황
전북,233274,2018,합계,응급진료결과 현황
전북,271530,2019,합계,응급진료결과 현황
전북,232001,2020,합계,응급진료결과 현황
전북,222777,2021,합계,응급진료결과 현황
전북,245769,2022,합계,응급진료결과 현황
전북,270146,2023,합계,응급진료결과 현황
전북,235196,2024,합계,응급진료결과 현황
전남,107974,2016,합계,응급진료결과 현황
전남,110773,2017,합계,응급진료결과 현황
전남,115365,2018,합계,응급진료결과 현황
전남,115038,2019,합계,응급진료결과 현황
전남,105867,2020,합계,응급진료결과 현황
전남,103722,2021,합계,응급진료결과 현황
전남,100842,2022,합계,응급진료결과 현황
전남,113755,2023,합계,응급진료결과 현황
전남,100662,2024,합계,응급진료결과 현황
경북,267845,2016,합계,응급진료결과 현황
경북,259858,2017,합계,응급진료결과 현황
경북,265999,2018,합계,응급진료결과 현황
경북,257419,2019,합계,응급진료결과 현황
경북,195905,2020,합계,응급진료결과 현황
경북,209135,2021,합계,응급진료결과 현황
경북,223385,2022,합계,응급진료결과 현황
경북,255318,2023,합계,응급진료결과 현황
경북,220706,2024,합계,응급진료결과 현황
경남,259531,2016,합계,응급진료결과 현황
경남,273698,2017,합계,응급진료결과 현황
경남,287029,2018,합계,응급진료결과 현황
경남,273035,2019,합계,응급진료결과 현황
경남,213356,2020,합계,응급진료결과 현황
경남,217151,2021,합계,응급진료결과 현황
경남,225457,2022,합계,응급진료결과 현황
경남,262331,2023,합계,응급진료결과 현황
경남,211707,2024,합계,응급진료결과 현황
제주,166264,2016,합계,응급진료결과 현황
제주,167018,2017,합계,응급진료결과 현황
제주,169260,2018,합계,응급진료결과 현황
제주,164427,2019,합계,응급진료결과 현황
제주,128787,2020,합계,응급진료결과 현황
제주,130005,2021,합계,응급진료결과 현황
제주,137028,2022,합계,응급진료결과 현황
제주,136013,2023,합계,응급진료결과 현황
제주,108551,2024,합계,응급진료결과 현황
전체,4301880,2016,귀가,응급진료결과 현황
전체,4275584,2017,귀가,응급진료결과 현황
전체,4440062,2018,귀가,응급진료결과 현황
전체,4533068,2019,귀가,응급진료결과 현황
전체,3440198,2020,귀가,응급진료결과 현황
전체,3568502,2021,귀가,응급진료결과 현황
전체,3772284,2022,귀가,응급진료결과 현황
전체,4371170,2023,귀가,응급진료결과 현황
전체,3044683,2024,귀가,응급진료결과 현황
서울,1073925,2016,귀가,응급진료결과 현황
서울,1069787,2017,귀가,응급진료결과 현황
서울,1128033,2018,귀가,응급진료결과 현황
서울,1083659,2019,귀가,응급진료결과 현황
서울,831455,2020,귀가,응급진료결과 현황
서울,841235,2021,귀가,응급진료결과 현황
서울,895637,2022,귀가,응급진료결과 현황
서울,1008455,2023,귀가,응급진료결과 현황
서울,564491,2024,귀가,응급진료결과 현황
부산,155620,2016,귀가,응급진료결과 현황
부산,143477,2017,귀가,응급진료결과 현황
부산,145149,2018,귀가,응급진료결과 현황
부산,166125,2019,귀가,응급진료결과 현황
부산,142421,2020,귀가,응급진료결과 현황
부산,139051,2021,귀가,응급진료결과 현황
부산,139256,2022,귀가,응급진료결과 현황
부산,152428,2023,귀가,응급진료결과 현황
부산,90961,2024,귀가,응급진료결과 현황
대구,149380,2016,귀가,응급진료결과 현황
대구,155920,2017,귀가,응급진료결과 현황
대구,166413,2018,귀가,응급진료결과 현황
대구,171609,2019,귀가,응급진료결과 현황
대구,121862,2020,귀가,응급진료결과 현황
대구,136402,2021,귀가,응급진료결과 현황
대구,140769,2022,귀가,응급진료결과 현황
대구,153735,2023,귀가,응급진료결과 현황
대구,94076,2024,귀가,응급진료결과 현황
인천,281824,2016,귀가,응급진료결과 현황
인천,288426,2017,귀가,응급진료결과 현황
인천,292525,2018,귀가,응급진료결과 현황
인천,301696,2019,귀가,응급진료결과 현황
인천,228821,2020,귀가,응급진료결과 현황
인천,250168,2021,귀가,응급진료결과 현황
인천,273169,2022,귀가,응급진료결과 현황
인천,301212,2023,귀가,응급진료결과 현황
인천,232689,2024,귀가,응급진료결과 현황
광주,117427,2016,귀가,응급진료결과 현황
광주,118022,2017,귀가,응급진료결과 현황
광주,120594,2018,귀가,응급진료결과 현황
광주,130784,2019,귀가,응급진료결과 현황
광주,97076,2020,귀가,응급진료결과 현황
광주,99148,2021,귀가,응급진료결과 현황
광주,102068,2022,귀가,응급진료결과 현황
광주,108935,2023,귀가,응급진료결과 현황
광주,81464,2024,귀가,응급진료결과 현황
대전,152564,2016,귀가,응급진료결과 현황
대전,148876,2017,귀가,응급진료결과 현황
대전,156459,2018,귀가,응급진료결과 현황
대전,150223,2019,귀가,응급진료결과 현황
대전,110521,2020,귀가,응급진료결과 현황
대전,109262,2021,귀가,응급진료결과 현황
대전,113669,2022,귀가,응급진료결과 현황
대전,146808,2023,귀가,응급진료결과 현황
대전,85652,2024,귀가,응급진료결과 현황
울산,61974,2016,귀가,응급진료결과 현황
울산,60216,2017,귀가,응급진료결과 현황
울산,62378,2018,귀가,응급진료결과 현황
울산,60567,2019,귀가,응급진료결과 현황
울산,49286,2020,귀가,응급진료결과 현황
울산,51798,2021,귀가,응급진료결과 현황
울산,49587,2022,귀가,응급진료결과 현황
울산,115537,2023,귀가,응급진료결과 현황
울산,90507,2024,귀가,응급진료결과 현황
세종,8006,2020,귀가,응급진료결과 현황
세종,22130,2021,귀가,응급진료결과 현황
세종,25916,2022,귀가,응급진료결과 현황
세종,30946,2023,귀가,응급진료결과 현황
세종,21696,2024,귀가,응급진료결과 현황
경기,1077285,2016,귀가,응급진료결과 현황
경기,1040546,2017,귀가,응급진료결과 현황
경기,1091914,2018,귀가,응급진료결과 현황
경기,1173422,2019,귀가,응급진료결과 현황
경기,838993,2020,귀가,응급진료결과 현황
경기,873582,2021,귀가,응급진료결과 현황
경기,909045,2022,귀가,응급진료결과 현황
경기,1095446,2023,귀가,응급진료결과 현황
경기,784777,2024,귀가,응급진료결과 현황
강원,141930,2016,귀가,응급진료결과 현황
강원,147928,2017,귀가,응급진료결과 현황
강원,156481,2018,귀가,응급진료결과 현황
강원,153911,2019,귀가,응급진료결과 현황
강원,127024,2020,귀가,응급진료결과 현황
강원,128660,2021,귀가,응급진료결과 현황
강원,139155,2022,귀가,응급진료결과 현황
강원,140601,2023,귀가,응급진료결과 현황
강원,85814,2024,귀가,응급진료결과 현황
충북,92141,2016,귀가,응급진료결과 현황
충북,89920,2017,귀가,응급진료결과 현황
충북,93798,2018,귀가,응급진료결과 현황
충북,115868,2019,귀가,응급진료결과 현황
충북,85702,2020,귀가,응급진료결과 현황
충북,94435,2021,귀가,응급진료결과 현황
충북,98212,2022,귀가,응급진료결과 현황
충북,116871,2023,귀가,응급진료결과 현황
충북,105987,2024,귀가,응급진료결과 현황
충남,227207,2016,귀가,응급진료결과 현황
충남,214001,2017,귀가,응급진료결과 현황
충남,219721,2018,귀가,응급진료결과 현황
충남,214194,2019,귀가,응급진료결과 현황
충남,160608,2020,귀가,응급진료결과 현황
충남,178740,2021,귀가,응급진료결과 현황
충남,196496,2022,귀가,응급진료결과 현황
충남,222309,2023,귀가,응급진료결과 현황
충남,168948,2024,귀가,응급진료결과 현황
전북,150732,2016,귀가,응급진료결과 현황
전북,179617,2017,귀가,응급진료결과 현황
전북,166655,2018,귀가,응급진료결과 현황
전북,195234,2019,귀가,응급진료결과 현황
전북,163683,2020,귀가,응급진료결과 현황
전북,154868,2021,귀가,응급진료결과 현황
전북,173938,2022,귀가,응급진료결과 현황
전북,192992,2023,귀가,응급진료결과 현황
전북,166212,2024,귀가,응급진료결과 현황
전남,77169,2016,귀가,응급진료결과 현황
전남,77776,2017,귀가,응급진료결과 현황
전남,81237,2018,귀가,응급진료결과 현황
전남,81017,2019,귀가,응급진료결과 현황
전남,72740,2020,귀가,응급진료결과 현황
전남,71569,2021,귀가,응급진료결과 현황
전남,70772,2022,귀가,응급진료결과 현황
전남,81455,2023,귀가,응급진료결과 현황
전남,70329,2024,귀가,응급진료결과 현황
경북,207871,2016,귀가,응급진료결과 현황
경북,198779,2017,귀가,응급진료결과 현황
경북,204537,2018,귀가,응급진료결과 현황
경북,197487,2019,귀가,응급진료결과 현황
경북,146554,2020,귀가,응급진료결과 현황
경북,157609,2021,귀가,응급진료결과 현황
경북,172772,2022,귀가,응급진료결과 현황
경북,200857,2023,귀가,응급진료결과 현황
경북,165349,2024,귀가,응급진료결과 현황
경남,199652,2016,귀가,응급진료결과 현황
경남,205159,2017,귀가,응급진료결과 현황
경남,214421,2018,귀가,응급진료결과 현황
경남,201379,2019,귀가,응급진료결과 현황
경남,150587,2020,귀가,응급진료결과 현황
경남,152955,2021,귀가,응급진료결과 현황
경남,159926,2022,귀가,응급진료결과 현황
경남,191796,2023,귀가,응급진료결과 현황
경남,149762,2024,귀가,응급진료결과 현황
제주,135179,2016,귀가,응급진료결과 현황
제주,137134,2017,귀가,응급진료결과 현황
제주,139747,2018,귀가,응급진료결과 현황
제주,135893,2019,귀가,응급진료결과 현황
제주,104859,2020,귀가,응급진료결과 현황
제주,106890,2021,귀가,응급진료결과 현황
제주,111897,2022,귀가,응급진료결과 현황
제주,110787,2023,귀가,응급진료결과 현황
제주,85969,2024,귀가,응급진료결과 현황
전체,4053827,2016,증상호전,응급진료결과 현황
전체,4054989,2017,증상호전,응급진료결과 현황
전체,4237506,2018,증상호전,응급진료결과 현황
전체,4337739,2019,증상호전,응급진료결과 현황
전체,3261561,2020,증상호전,응급진료결과 현황
전체,3228114,2021,증상호전,응급진료결과 현황
전체,3453859,2022,증상호전,응급진료결과 현황
전체,4132720,2023,증상호전,응급진료결과 현황
전체,2950902,2024,증상호전,응급진료결과 현황
서울,1028420,2016,증상호전,응급진료결과 현황
서울,1022198,2017,증상호전,응급진료결과 현황
서울,1080602,2018,증상호전,응급진료결과 현황
서울,1042298,2019,증상호전,응급진료결과 현황
서울,795021,2020,증상호전,응급진료결과 현황
서울,737204,2021,증상호전,응급진료결과 현황
서울,795996,2022,증상호전,응급진료결과 현황
서울,932760,2023,증상호전,응급진료결과 현황
서울,548600,2024,증상호전,응급진료결과 현황
부산,146013,2016,증상호전,응급진료결과 현황
부산,134836,2017,증상호전,응급진료결과 현황
부산,136371,2018,증상호전,응급진료결과 현황
부산,156614,2019,증상호전,응급진료결과 현황
부산,134466,2020,증상호전,응급진료결과 현황
부산,131922,2021,증상호전,응급진료결과 현황
부산,132827,2022,증상호전,응급진료결과 현황
부산,145689,2023,증상호전,응급진료결과 현황
부산,87423,2024,증상호전,응급진료결과 현황
대구,136515,2016,증상호전,응급진료결과 현황
대구,145398,2017,증상호전,응급진료결과 현황
대구,157016,2018,증상호전,응급진료결과 현황
대구,162840,2019,증상호전,응급진료결과 현황
대구,115600,2020,증상호전,응급진료결과 현황
대구,129549,2021,증상호전,응급진료결과 현황
대구,135154,2022,증상호전,응급진료결과 현황
대구,148484,2023,증상호전,응급진료결과 현황
대구,91736,2024,증상호전,응급진료결과 현황
인천,271154,2016,증상호전,응급진료결과 현황
인천,276680,2017,증상호전,응급진료결과 현황
인천,282101,2018,증상호전,응급진료결과 현황
인천,291182,2019,증상호전,응급진료결과 현황
인천,215490,2020,증상호전,응급진료결과 현황
인천,218337,2021,증상호전,응급진료결과 현황
인천,242650,2022,증상호전,응급진료결과 현황
인천,284535,2023,증상호전,응급진료결과 현황
인천,226616,2024,증상호전,응급진료결과 현황
광주,112365,2016,증상호전,응급진료결과 현황
광주,113669,2017,증상호전,응급진료결과 현황
광주,117049,2018,증상호전,응급진료결과 현황
광주,127162,2019,증상호전,응급진료결과 현황
광주,93364,2020,증상호전,응급진료결과 현황
광주,92933,2021,증상호전,응급진료결과 현황
광주,94514,2022,증상호전,응급진료결과 현황
광주,104843,2023,증상호전,응급진료결과 현황
광주,80535,2024,증상호전,응급진료결과 현황
대전,143429,2016,증상호전,응급진료결과 현황
대전,140814,2017,증상호전,응급진료결과 현황
대전,146986,2018,증상호전,응급진료결과 현황
대전,141708,2019,증상호전,응급진료결과 현황
대전,102439,2020,증상호전,응급진료결과 현황
대전,99054,2021,증상호전,응급진료결과 현황
대전,103575,2022,증상호전,응급진료결과 현황
대전,136446,2023,증상호전,응급진료결과 현황
대전,82673,2024,증상호전,응급진료결과 현황
울산,60190,2016,증상호전,응급진료결과 현황
울산,58775,2017,증상호전,응급진료결과 현황
울산,60950,2018,증상호전,응급진료결과 현황
울산,59088,2019,증상호전,응급진료결과 현황
울산,48151,2020,증상호전,응급진료결과 현황
울산,47773,2021,증상호전,응급진료결과 현황
울산,45780,2022,증상호전,응급진료결과 현황
울산,110402,2023,증상호전,응급진료결과 현황
울산,88092,2024,증상호전,응급진료결과 현황
세종,7919,2020,증상호전,응급진료결과 현황
세종,21969,2021,증상호전,응급진료결과 현황
세종,25780,2022,증상호전,응급진료결과 현황
세종,30828,2023,증상호전,응급진료결과 현황
세종,21602,2024,증상호전,응급진료결과 현황
경기,1021243,2016,증상호전,응급진료결과 현황
경기,988964,2017,증상호전,응급진료결과 현황
경기,1039297,2018,증상호전,응급진료결과 현황
경기,1119412,2019,증상호전,응급진료결과 현황
경기,789973,2020,증상호전,응급진료결과 현황
경기,783260,2021,증상호전,응급진료결과 현황
경기,834757,2022,증상호전,응급진료결과 현황
경기,1039328,2023,증상호전,응급진료결과 현황
경기,760465,2024,증상호전,응급진료결과 현황
강원,137219,2016,증상호전,응급진료결과 현황
강원,143309,2017,증상호전,응급진료결과 현황
강원,151989,2018,증상호전,응급진료결과 현황
강원,149110,2019,증상호전,응급진료결과 현황
강원,123672,2020,증상호전,응급진료결과 현황
강원,124104,2021,증상호전,응급진료결과 현황
강원,131611,2022,증상호전,응급진료결과 현황
강원,136018,2023,증상호전,응급진료결과 현황
강원,83985,2024,증상호전,응급진료결과 현황
충북,80753,2016,증상호전,응급진료결과 현황
충북,79751,2017,증상호전,응급진료결과 현황
충북,88857,2018,증상호전,응급진료결과 현황
충북,111362,2019,증상호전,응급진료결과 현황
충북,82502,2020,증상호전,응급진료결과 현황
충북,90892,2021,증상호전,응급진료결과 현황
충북,94748,2022,증상호전,응급진료결과 현황
충북,113230,2023,증상호전,응급진료결과 현황
충북,102941,2024,증상호전,응급진료결과 현황
충남,218193,2016,증상호전,응급진료결과 현황
충남,206180,2017,증상호전,응급진료결과 현황
충남,211285,2018,증상호전,응급진료결과 현황
충남,206134,2019,증상호전,응급진료결과 현황
충남,154236,2020,증상호전,응급진료결과 현황
충남,165066,2021,증상호전,응급진료결과 현황
충남,180387,2022,증상호전,응급진료결과 현황
충남,210833,2023,증상호전,응급진료결과 현황
충남,161403,2024,증상호전,응급진료결과 현황
전북,141579,2016,증상호전,응급진료결과 현황
전북,170263,2017,증상호전,응급진료결과 현황
전북,158271,2018,증상호전,응급진료결과 현황
전북,186815,2019,증상호전,응급진료결과 현황
전북,155975,2020,증상호전,응급진료결과 현황
전북,141548,2021,증상호전,응급진료결과 현황
전북,160109,2022,증상호전,응급진료결과 현황
전북,185392,2023,증상호전,응급진료결과 현황
전북,161699,2024,증상호전,응급진료결과 현황
전남,59691,2016,증상호전,응급진료결과 현황
전남,64060,2017,증상호전,응급진료결과 현황
전남,76138,2018,증상호전,응급진료결과 현황
전남,75021,2019,증상호전,응급진료결과 현황
전남,67684,2020,증상호전,응급진료결과 현황
전남,64226,2021,증상호전,응급진료결과 현황
전남,65685,2022,증상호전,응급진료결과 현황
전남,76680,2023,증상호전,응급진료결과 현황
전남,66389,2024,증상호전,응급진료결과 현황
경북,176188,2016,증상호전,응급진료결과 현황
경북,181596,2017,증상호전,응급진료결과 현황
경북,189847,2018,증상호전,응급진료결과 현황
경북,184160,2019,증상호전,응급진료결과 현황
경북,133887,2020,증상호전,응급진료결과 현황
경북,140030,2021,증상호전,응급진료결과 현황
경북,155436,2022,증상호전,응급진료결과 현황
경북,186919,2023,증상호전,응급진료결과 현황
경북,157795,2024,증상호전,응급진료결과 현황
경남,190583,2016,증상호전,응급진료결과 현황
경남,195943,2017,증상호전,응급진료결과 현황
경남,205407,2018,증상호전,응급진료결과 현황
경남,192924,2019,증상호전,응급진료결과 현황
경남,144330,2020,증상호전,응급진료결과 현황
경남,146807,2021,증상호전,응급진료결과 현황
경남,153536,2022,증상호전,응급진료결과 현황
경남,185206,2023,증상호전,응급진료결과 현황
경남,145444,2024,증상호전,응급진료결과 현황
제주,130292,2016,증상호전,응급진료결과 현황
제주,132553,2017,증상호전,응급진료결과 현황
제주,135340,2018,증상호전,응급진료결과 현황
제주,131909,2019,증상호전,응급진료결과 현황
제주,96852,2020,증상호전,응급진료결과 현황
제주,93440,2021,증상호전,응급진료결과 현황
제주,101314,2022,증상호전,응급진료결과 현황
제주,105127,2023,증상호전,응급진료결과 현황
제주,83504,2024,증상호전,응급진료결과 현황
전체,1941,2016,말기질환으로 귀가,응급진료결과 현황
전체,2095,2017,말기질환으로 귀가,응급진료결과 현황
전체,2173,2018,말기질환으로 귀가,응급진료결과 현황
전체,1853,2019,말기질환으로 귀가,응급진료결과 현황
전체,1254,2020,말기질환으로 귀가,응급진료결과 현황
전체,1282,2021,말기질환으로 귀가,응급진료결과 현황
전체,1195,2022,말기질환으로 귀가,응급진료결과 현황
전체,1156,2023,말기질환으로 귀가,응급진료결과 현황
전체,757,2024,말기질환으로 귀가,응급진료결과 현황
서울,526,2016,말기질환으로 귀가,응급진료결과 현황
서울,628,2017,말기질환으로 귀가,응급진료결과 현황
서울,465,2018,말기질환으로 귀가,응급진료결과 현황
서울,450,2019,말기질환으로 귀가,응급진료결과 현황
서울,305,2020,말기질환으로 귀가,응급진료결과 현황
서울,391,2021,말기질환으로 귀가,응급진료결과 현황
서울,388,2022,말기질환으로 귀가,응급진료결과 현황
서울,347,2023,말기질환으로 귀가,응급진료결과 현황
서울,183,2024,말기질환으로 귀가,응급진료결과 현황
부산,72,2016,말기질환으로 귀가,응급진료결과 현황
부산,71,2017,말기질환으로 귀가,응급진료결과 현황
부산,110,2018,말기질환으로 귀가,응급진료결과 현황
부산,148,2019,말기질환으로 귀가,응급진료결과 현황
부산,118,2020,말기질환으로 귀가,응급진료결과 현황
부산,106,2021,말기질환으로 귀가,응급진료결과 현황
부산,91,2022,말기질환으로 귀가,응급진료결과 현황
부산,116,2023,말기질환으로 귀가,응급진료결과 현황
부산,30,2024,말기질환으로 귀가,응급진료결과 현황
대구,53,2016,말기질환으로 귀가,응급진료결과 현황
대구,72,2017,말기질환으로 귀가,응급진료결과 현황
대구,131,2018,말기질환으로 귀가,응급진료결과 현황
대구,163,2019,말기질환으로 귀가,응급진료결과 현황
대구,127,2020,말기질환으로 귀가,응급진료결과 현황
대구,77,2021,말기질환으로 귀가,응급진료결과 현황
대구,123,2022,말기질환으로 귀가,응급진료결과 현황
대구,66,2023,말기질환으로 귀가,응급진료결과 현황
대구,21,2024,말기질환으로 귀가,응급진료결과 현황
인천,66,2016,말기질환으로 귀가,응급진료결과 현황
인천,44,2017,말기질환으로 귀가,응급진료결과 현황
인천,16,2018,말기질환으로 귀가,응급진료결과 현황
인천,27,2019,말기질환으로 귀가,응급진료결과 현황
인천,27,2020,말기질환으로 귀가,응급진료결과 현황
인천,37,2021,말기질환으로 귀가,응급진료결과 현황
인천,59,2022,말기질환으로 귀가,응급진료결과 현황
인천,44,2023,말기질환으로 귀가,응급진료결과 현황
인천,34,2024,말기질환으로 귀가,응급진료결과 현황
광주,28,2016,말기질환으로 귀가,응급진료결과 현황
광주,27,2017,말기질환으로 귀가,응급진료결과 현황
광주,34,2018,말기질환으로 귀가,응급진료결과 현황
광주,21,2019,말기질환으로 귀가,응급진료결과 현황
광주,21,2020,말기질환으로 귀가,응급진료결과 현황
광주,52,2021,말기질환으로 귀가,응급진료결과 현황
광주,18,2022,말기질환으로 귀가,응급진료결과 현황
광주,7,2023,말기질환으로 귀가,응급진료결과 현황
광주,3,2024,말기질환으로 귀가,응급진료결과 현황
대전,95,2016,말기질환으로 귀가,응급진료결과 현황
대전,101,2017,말기질환으로 귀가,응급진료결과 현황
대전,105,2018,말기질환으로 귀가,응급진료결과 현황
대전,107,2019,말기질환으로 귀가,응급진료결과 현황
대전,43,2020,말기질환으로 귀가,응급진료결과 현황
대전,32,2021,말기질환으로 귀가,응급진료결과 현황
대전,18,2022,말기질환으로 귀가,응급진료결과 현황
대전,22,2023,말기질환으로 귀가,응급진료결과 현황
대전,9,2024,말기질환으로 귀가,응급진료결과 현황
울산,7,2016,말기질환으로 귀가,응급진료결과 현황
울산,2,2017,말기질환으로 귀가,응급진료결과 현황
울산,-,2018,말기질환으로 귀가,응급진료결과 현황
울산,4,2019,말기질환으로 귀가,응급진료결과 현황
울산,5,2020,말기질환으로 귀가,응급진료결과 현황
울산,-,2021,말기질환으로 귀가,응급진료결과 현황
울산,-,2022,말기질환으로 귀가,응급진료결과 현황
울산,37,2023,말기질환으로 귀가,응급진료결과 현황
울산,1,2024,말기질환으로 귀가,응급진료결과 현황
세종,2,2020,말기질환으로 귀가,응급진료결과 현황
세종,-,2021,말기질환으로 귀가,응급진료결과 현황
세종,-,2022,말기질환으로 귀가,응급진료결과 현황
세종,2,2023,말기질환으로 귀가,응급진료결과 현황
세종,-,2024,말기질환으로 귀가,응급진료결과 현황
경기,298,2016,말기질환으로 귀가,응급진료결과 현황
경기,294,2017,말기질환으로 귀가,응급진료결과 현황
경기,372,2018,말기질환으로 귀가,응급진료결과 현황
경기,247,2019,말기질환으로 귀가,응급진료결과 현황
경기,189,2020,말기질환으로 귀가,응급진료결과 현황
경기,117,2021,말기질환으로 귀가,응급진료결과 현황
경기,148,2022,말기질환으로 귀가,응급진료결과 현황
경기,197,2023,말기질환으로 귀가,응급진료결과 현황
경기,105,2024,말기질환으로 귀가,응급진료결과 현황
강원,51,2016,말기질환으로 귀가,응급진료결과 현황
강원,122,2017,말기질환으로 귀가,응급진료결과 현황
강원,24,2018,말기질환으로 귀가,응급진료결과 현황
강원,23,2019,말기질환으로 귀가,응급진료결과 현황
강원,9,2020,말기질환으로 귀가,응급진료결과 현황
강원,40,2021,말기질환으로 귀가,응급진료결과 현황
강원,19,2022,말기질환으로 귀가,응급진료결과 현황
강원,24,2023,말기질환으로 귀가,응급진료결과 현황
강원,17,2024,말기질환으로 귀가,응급진료결과 현황
충북,7,2016,말기질환으로 귀가,응급진료결과 현황
충북,25,2017,말기질환으로 귀가,응급진료결과 현황
충북,22,2018,말기질환으로 귀가,응급진료결과 현황
충북,17,2019,말기질환으로 귀가,응급진료결과 현황
충북,21,2020,말기질환으로 귀가,응급진료결과 현황
충북,39,2021,말기질환으로 귀가,응급진료결과 현황
충북,35,2022,말기질환으로 귀가,응급진료결과 현황
충북,26,2023,말기질환으로 귀가,응급진료결과 현황
충북,18,2024,말기질환으로 귀가,응급진료결과 현황
충남,68,2016,말기질환으로 귀가,응급진료결과 현황
충남,53,2017,말기질환으로 귀가,응급진료결과 현황
충남,20,2018,말기질환으로 귀가,응급진료결과 현황
충남,11,2019,말기질환으로 귀가,응급진료결과 현황
충남,6,2020,말기질환으로 귀가,응급진료결과 현황
충남,6,2021,말기질환으로 귀가,응급진료결과 현황
충남,7,2022,말기질환으로 귀가,응급진료결과 현황
충남,13,2023,말기질환으로 귀가,응급진료결과 현황
충남,19,2024,말기질환으로 귀가,응급진료결과 현황
전북,208,2016,말기질환으로 귀가,응급진료결과 현황
전북,241,2017,말기질환으로 귀가,응급진료결과 현황
전북,294,2018,말기질환으로 귀가,응급진료결과 현황
전북,315,2019,말기질환으로 귀가,응급진료결과 현황
전북,234,2020,말기질환으로 귀가,응급진료결과 현황
전북,256,2021,말기질환으로 귀가,응급진료결과 현황
전북,210,2022,말기질환으로 귀가,응급진료결과 현황
전북,164,2023,말기질환으로 귀가,응급진료결과 현황
전북,185,2024,말기질환으로 귀가,응급진료결과 현황
전남,65,2016,말기질환으로 귀가,응급진료결과 현황
전남,47,2017,말기질환으로 귀가,응급진료결과 현황
전남,58,2018,말기질환으로 귀가,응급진료결과 현황
전남,67,2019,말기질환으로 귀가,응급진료결과 현황
전남,54,2020,말기질환으로 귀가,응급진료결과 현황
전남,41,2021,말기질환으로 귀가,응급진료결과 현황
전남,22,2022,말기질환으로 귀가,응급진료결과 현황
전남,21,2023,말기질환으로 귀가,응급진료결과 현황
전남,13,2024,말기질환으로 귀가,응급진료결과 현황
경북,25,2016,말기질환으로 귀가,응급진료결과 현황
경북,27,2017,말기질환으로 귀가,응급진료결과 현황
경북,23,2018,말기질환으로 귀가,응급진료결과 현황
경북,31,2019,말기질환으로 귀가,응급진료결과 현황
경북,9,2020,말기질환으로 귀가,응급진료결과 현황
경북,15,2021,말기질환으로 귀가,응급진료결과 현황
경북,8,2022,말기질환으로 귀가,응급진료결과 현황
경북,16,2023,말기질환으로 귀가,응급진료결과 현황
경북,9,2024,말기질환으로 귀가,응급진료결과 현황
경남,80,2016,말기질환으로 귀가,응급진료결과 현황
경남,83,2017,말기질환으로 귀가,응급진료결과 현황
경남,102,2018,말기질환으로 귀가,응급진료결과 현황
경남,41,2019,말기질환으로 귀가,응급진료결과 현황
경남,27,2020,말기질환으로 귀가,응급진료결과 현황
경남,19,2021,말기질환으로 귀가,응급진료결과 현황
경남,23,2022,말기질환으로 귀가,응급진료결과 현황
경남,19,2023,말기질환으로 귀가,응급진료결과 현황
경남,89,2024,말기질환으로 귀가,응급진료결과 현황
제주,292,2016,말기질환으로 귀가,응급진료결과 현황
제주,258,2017,말기질환으로 귀가,응급진료결과 현황
제주,397,2018,말기질환으로 귀가,응급진료결과 현황
제주,181,2019,말기질환으로 귀가,응급진료결과 현황
제주,57,2020,말기질환으로 귀가,응급진료결과 현황
제주,54,2021,말기질환으로 귀가,응급진료결과 현황
제주,26,2022,말기질환으로 귀가,응급진료결과 현황
제주,35,2023,말기질환으로 귀가,응급진료결과 현황
제주,21,2024,말기질환으로 귀가,응급진료결과 현황
전체,639,2016,가망없는 퇴실,응급진료결과 현황
전체,626,2017,가망없는 퇴실,응급진료결과 현황
전체,600,2018,가망없는 퇴실,응급진료결과 현황
전체,553,2019,가망없는 퇴실,응급진료결과 현황
전체,555,2020,가망없는 퇴실,응급진료결과 현황
전체,506,2021,가망없는 퇴실,응급진료결과 현황
전체,478,2022,가망없는 퇴실,응급진료결과 현황
전체,395,2023,가망없는 퇴실,응급진료결과 현황
전체,319,2024,가망없는 퇴실,응급진료결과 현황
서울,116,2016,가망없는 퇴실,응급진료결과 현황
서울,102,2017,가망없는 퇴실,응급진료결과 현황
서울,131,2018,가망없는 퇴실,응급진료결과 현황
서울,97,2019,가망없는 퇴실,응급진료결과 현황
서울,58,2020,가망없는 퇴실,응급진료결과 현황
서울,61,2021,가망없는 퇴실,응급진료결과 현황
서울,61,2022,가망없는 퇴실,응급진료결과 현황
서울,53,2023,가망없는 퇴실,응급진료결과 현황
서울,53,2024,가망없는 퇴실,응급진료결과 현황
부산,7,2016,가망없는 퇴실,응급진료결과 현황
부산,8,2017,가망없는 퇴실,응급진료결과 현황
부산,9,2018,가망없는 퇴실,응급진료결과 현황
부산,11,2019,가망없는 퇴실,응급진료결과 현황
부산,5,2020,가망없는 퇴실,응급진료결과 현황
부산,8,2021,가망없는 퇴실,응급진료결과 현황
부산,6,2022,가망없는 퇴실,응급진료결과 현황
부산,6,2023,가망없는 퇴실,응급진료결과 현황
부산,5,2024,가망없는 퇴실,응급진료결과 현황
대구,52,2016,가망없는 퇴실,응급진료결과 현황
대구,29,2017,가망없는 퇴실,응급진료결과 현황
대구,13,2018,가망없는 퇴실,응급진료결과 현황
대구,19,2019,가망없는 퇴실,응급진료결과 현황
대구,20,2020,가망없는 퇴실,응급진료결과 현황
대구,15,2021,가망없는 퇴실,응급진료결과 현황
대구,23,2022,가망없는 퇴실,응급진료결과 현황
대구,17,2023,가망없는 퇴실,응급진료결과 현황
대구,4,2024,가망없는 퇴실,응급진료결과 현황
인천,6,2016,가망없는 퇴실,응급진료결과 현황
인천,1,2017,가망없는 퇴실,응급진료결과 현황
인천,6,2018,가망없는 퇴실,응급진료결과 현황
인천,5,2019,가망없는 퇴실,응급진료결과 현황
인천,6,2020,가망없는 퇴실,응급진료결과 현황
인천,-,2021,가망없는 퇴실,응급진료결과 현황
인천,8,2022,가망없는 퇴실,응급진료결과 현황
인천,4,2023,가망없는 퇴실,응급진료결과 현황
인천,6,2024,가망없는 퇴실,응급진료결과 현황
광주,166,2016,가망없는 퇴실,응급진료결과 현황
광주,179,2017,가망없는 퇴실,응급진료결과 현황
광주,213,2018,가망없는 퇴실,응급진료결과 현황
광주,221,2019,가망없는 퇴실,응급진료결과 현황
광주,236,2020,가망없는 퇴실,응급진료결과 현황
광주,191,2021,가망없는 퇴실,응급진료결과 현황
광주,118,2022,가망없는 퇴실,응급진료결과 현황
광주,105,2023,가망없는 퇴실,응급진료결과 현황
광주,51,2024,가망없는 퇴실,응급진료결과 현황
대전,14,2016,가망없는 퇴실,응급진료결과 현황
대전,18,2017,가망없는 퇴실,응급진료결과 현황
대전,18,2018,가망없는 퇴실,응급진료결과 현황
대전,5,2019,가망없는 퇴실,응급진료결과 현황
대전,19,2020,가망없는 퇴실,응급진료결과 현황
대전,25,2021,가망없는 퇴실,응급진료결과 현황
대전,22,2022,가망없는 퇴실,응급진료결과 현황
대전,32,2023,가망없는 퇴실,응급진료결과 현황
대전,33,2024,가망없는 퇴실,응급진료결과 현황
울산,-,2016,가망없는 퇴실,응급진료결과 현황
울산,1,2017,가망없는 퇴실,응급진료결과 현황
울산,-,2018,가망없는 퇴실,응급진료결과 현황
울산,2,2019,가망없는 퇴실,응급진료결과 현황
울산,1,2020,가망없는 퇴실,응급진료결과 현황
울산,3,2021,가망없는 퇴실,응급진료결과 현황
울산,1,2022,가망없는 퇴실,응급진료결과 현황
울산,1,2023,가망없는 퇴실,응급진료결과 현황
울산,1,2024,가망없는 퇴실,응급진료결과 현황
세종,1,2020,가망없는 퇴실,응급진료결과 현황
세종,-,2021,가망없는 퇴실,응급진료결과 현황
세종,3,2022,가망없는 퇴실,응급진료결과 현황
세종,3,2023,가망없는 퇴실,응급진료결과 현황
세종,3,2024,가망없는 퇴실,응급진료결과 현황
경기,35,2016,가망없는 퇴실,응급진료결과 현황
경기,46,2017,가망없는 퇴실,응급진료결과 현황
경기,41,2018,가망없는 퇴실,응급진료결과 현황
경기,32,2019,가망없는 퇴실,응급진료결과 현황
경기,58,2020,가망없는 퇴실,응급진료결과 현황
경기,64,2021,가망없는 퇴실,응급진료결과 현황
경기,62,2022,가망없는 퇴실,응급진료결과 현황
경기,54,2023,가망없는 퇴실,응급진료결과 현황
경기,48,2024,가망없는 퇴실,응급진료결과 현황
강원,31,2016,가망없는 퇴실,응급진료결과 현황
강원,34,2017,가망없는 퇴실,응급진료결과 현황
강원,18,2018,가망없는 퇴실,응급진료결과 현황
강원,8,2019,가망없는 퇴실,응급진료결과 현황
강원,10,2020,가망없는 퇴실,응급진료결과 현황
강원,8,2021,가망없는 퇴실,응급진료결과 현황
강원,23,2022,가망없는 퇴실,응급진료결과 현황
강원,8,2023,가망없는 퇴실,응급진료결과 현황
강원,10,2024,가망없는 퇴실,응급진료결과 현황
충북,3,2016,가망없는 퇴실,응급진료결과 현황
충북,1,2017,가망없는 퇴실,응급진료결과 현황
충북,2,2018,가망없는 퇴실,응급진료결과 현황
충북,2,2019,가망없는 퇴실,응급진료결과 현황
충북,2,2020,가망없는 퇴실,응급진료결과 현황
충북,6,2021,가망없는 퇴실,응급진료결과 현황
충북,9,2022,가망없는 퇴실,응급진료결과 현황
충북,11,2023,가망없는 퇴실,응급진료결과 현황
충북,4,2024,가망없는 퇴실,응급진료결과 현황
충남,3,2016,가망없는 퇴실,응급진료결과 현황
충남,25,2017,가망없는 퇴실,응급진료결과 현황
충남,12,2018,가망없는 퇴실,응급진료결과 현황
충남,5,2019,가망없는 퇴실,응급진료결과 현황
충남,13,2020,가망없는 퇴실,응급진료결과 현황
충남,38,2021,가망없는 퇴실,응급진료결과 현황
충남,35,2022,가망없는 퇴실,응급진료결과 현황
충남,21,2023,가망없는 퇴실,응급진료결과 현황
충남,20,2024,가망없는 퇴실,응급진료결과 현황
전북,28,2016,가망없는 퇴실,응급진료결과 현황
전북,50,2017,가망없는 퇴실,응급진료결과 현황
전북,37,2018,가망없는 퇴실,응급진료결과 현황
전북,40,2019,가망없는 퇴실,응급진료결과 현황
전북,33,2020,가망없는 퇴실,응급진료결과 현황
전북,37,2021,가망없는 퇴실,응급진료결과 현황
전북,60,2022,가망없는 퇴실,응급진료결과 현황
전북,48,2023,가망없는 퇴실,응급진료결과 현황
전북,47,2024,가망없는 퇴실,응급진료결과 현황
전남,35,2016,가망없는 퇴실,응급진료결과 현황
전남,57,2017,가망없는 퇴실,응급진료결과 현황
전남,42,2018,가망없는 퇴실,응급진료결과 현황
전남,67,2019,가망없는 퇴실,응급진료결과 현황
전남,60,2020,가망없는 퇴실,응급진료결과 현황
전남,29,2021,가망없는 퇴실,응급진료결과 현황
전남,29,2022,가망없는 퇴실,응급진료결과 현황
전남,19,2023,가망없는 퇴실,응급진료결과 현황
전남,22,2024,가망없는 퇴실,응급진료결과 현황
경북,37,2016,가망없는 퇴실,응급진료결과 현황
경북,10,2017,가망없는 퇴실,응급진료결과 현황
경북,10,2018,가망없는 퇴실,응급진료결과 현황
경북,11,2019,가망없는 퇴실,응급진료결과 현황
경북,3,2020,가망없는 퇴실,응급진료결과 현황
경북,4,2021,가망없는 퇴실,응급진료결과 현황
경북,5,2022,가망없는 퇴실,응급진료결과 현황
경북,4,2023,가망없는 퇴실,응급진료결과 현황
경북,4,2024,가망없는 퇴실,응급진료결과 현황
경남,99,2016,가망없는 퇴실,응급진료결과 현황
경남,61,2017,가망없는 퇴실,응급진료결과 현황
경남,46,2018,가망없는 퇴실,응급진료결과 현황
경남,26,2019,가망없는 퇴실,응급진료결과 현황
경남,23,2020,가망없는 퇴실,응급진료결과 현황
경남,16,2021,가망없는 퇴실,응급진료결과 현황
경남,12,2022,가망없는 퇴실,응급진료결과 현황
경남,6,2023,가망없는 퇴실,응급진료결과 현황
경남,8,2024,가망없는 퇴실,응급진료결과 현황
제주,7,2016,가망없는 퇴실,응급진료결과 현황
제주,4,2017,가망없는 퇴실,응급진료결과 현황
제주,2,2018,가망없는 퇴실,응급진료결과 현황
제주,2,2019,가망없는 퇴실,응급진료결과 현황
제주,7,2020,가망없는 퇴실,응급진료결과 현황
제주,1,2021,가망없는 퇴실,응급진료결과 현황
제주,1,2022,가망없는 퇴실,응급진료결과 현황
제주,3,2023,가망없는 퇴실,응급진료결과 현황
제주,-,2024,가망없는 퇴실,응급진료결과 현황
전체,115354,2016,자의퇴실,응급진료결과 현황
전체,113603,2017,자의퇴실,응급진료결과 현황
전체,118790,2018,자의퇴실,응급진료결과 현황
전체,116610,2019,자의퇴실,응급진료결과 현황
전체,87224,2020,자의퇴실,응급진료결과 현황
전체,89323,2021,자의퇴실,응급진료결과 현황
전체,87879,2022,자의퇴실,응급진료결과 현황
전체,98335,2023,자의퇴실,응급진료결과 현황
전체,46064,2024,자의퇴실,응급진료결과 현황
서울,30835,2016,자의퇴실,응급진료결과 현황
서울,31117,2017,자의퇴실,응급진료결과 현황
서울,33092,2018,자의퇴실,응급진료결과 현황
서울,31382,2019,자의퇴실,응급진료결과 현황
서울,24430,2020,자의퇴실,응급진료결과 현황
서울,24484,2021,자의퇴실,응급진료결과 현황
서울,25750,2022,자의퇴실,응급진료결과 현황
서울,27074,2023,자의퇴실,응급진료결과 현황
서울,9074,2024,자의퇴실,응급진료결과 현황
부산,5110,2016,자의퇴실,응급진료결과 현황
부산,4882,2017,자의퇴실,응급진료결과 현황
부산,4462,2018,자의퇴실,응급진료결과 현황
부산,3982,2019,자의퇴실,응급진료결과 현황
부산,3293,2020,자의퇴실,응급진료결과 현황
부산,3379,2021,자의퇴실,응급진료결과 현황
부산,3264,2022,자의퇴실,응급진료결과 현황
부산,3116,2023,자의퇴실,응급진료결과 현황
부산,1203,2024,자의퇴실,응급진료결과 현황
대구,9480,2016,자의퇴실,응급진료결과 현황
대구,7644,2017,자의퇴실,응급진료결과 현황
대구,6815,2018,자의퇴실,응급진료결과 현황
대구,6696,2019,자의퇴실,응급진료결과 현황
대구,4412,2020,자의퇴실,응급진료결과 현황
대구,4504,2021,자의퇴실,응급진료결과 현황
대구,3735,2022,자의퇴실,응급진료결과 현황
대구,3929,2023,자의퇴실,응급진료결과 현황
대구,1657,2024,자의퇴실,응급진료결과 현황
인천,5565,2016,자의퇴실,응급진료결과 현황
인천,7042,2017,자의퇴실,응급진료결과 현황
인천,6583,2018,자의퇴실,응급진료결과 현황
인천,6620,2019,자의퇴실,응급진료결과 현황
인천,6013,2020,자의퇴실,응급진료결과 현황
인천,5790,2021,자의퇴실,응급진료결과 현황
인천,4578,2022,자의퇴실,응급진료결과 현황
인천,5470,2023,자의퇴실,응급진료결과 현황
인천,2943,2024,자의퇴실,응급진료결과 현황
광주,1488,2016,자의퇴실,응급진료결과 현황
광주,1644,2017,자의퇴실,응급진료결과 현황
광주,1718,2018,자의퇴실,응급진료결과 현황
광주,1637,2019,자의퇴실,응급진료결과 현황
광주,1321,2020,자의퇴실,응급진료결과 현황
광주,1081,2021,자의퇴실,응급진료결과 현황
광주,765,2022,자의퇴실,응급진료결과 현황
광주,738,2023,자의퇴실,응급진료결과 현황
광주,377,2024,자의퇴실,응급진료결과 현황
대전,5810,2016,자의퇴실,응급진료결과 현황
대전,5403,2017,자의퇴실,응급진료결과 현황
대전,6563,2018,자의퇴실,응급진료결과 현황
대전,5986,2019,자의퇴실,응급진료결과 현황
대전,4082,2020,자의퇴실,응급진료결과 현황
대전,4265,2021,자의퇴실,응급진료결과 현황
대전,4165,2022,자의퇴실,응급진료결과 현황
대전,6084,2023,자의퇴실,응급진료결과 현황
대전,1918,2024,자의퇴실,응급진료결과 현황
울산,790,2016,자의퇴실,응급진료결과 현황
울산,772,2017,자의퇴실,응급진료결과 현황
울산,885,2018,자의퇴실,응급진료결과 현황
울산,959,2019,자의퇴실,응급진료결과 현황
울산,657,2020,자의퇴실,응급진료결과 현황
울산,686,2021,자의퇴실,응급진료결과 현황
울산,604,2022,자의퇴실,응급진료결과 현황
울산,880,2023,자의퇴실,응급진료결과 현황
울산,755,2024,자의퇴실,응급진료결과 현황
세종,67,2020,자의퇴실,응급진료결과 현황
세종,144,2021,자의퇴실,응급진료결과 현황
세종,110,2022,자의퇴실,응급진료결과 현황
세종,99,2023,자의퇴실,응급진료결과 현황
세종,88,2024,자의퇴실,응급진료결과 현황
경기,30324,2016,자의퇴실,응급진료결과 현황
경기,29836,2017,자의퇴실,응급진료결과 현황
경기,32026,2018,자의퇴실,응급진료결과 현황
경기,32680,2019,자의퇴실,응급진료결과 현황
경기,23442,2020,자의퇴실,응급진료결과 현황
경기,23749,2021,자의퇴실,응급진료결과 현황
경기,21744,2022,자의퇴실,응급진료결과 현황
경기,24681,2023,자의퇴실,응급진료결과 현황
경기,13326,2024,자의퇴실,응급진료결과 현황
강원,2490,2016,자의퇴실,응급진료결과 현황
강원,2419,2017,자의퇴실,응급진료결과 현황
강원,2658,2018,자의퇴실,응급진료결과 현황
강원,3147,2019,자의퇴실,응급진료결과 현황
강원,2351,2020,자의퇴실,응급진료결과 현황
강원,2734,2021,자의퇴실,응급진료결과 현황
강원,3416,2022,자의퇴실,응급진료결과 현황
강원,3500,2023,자의퇴실,응급진료결과 현황
강원,1268,2024,자의퇴실,응급진료결과 현황
충북,2314,2016,자의퇴실,응급진료결과 현황
충북,2256,2017,자의퇴실,응급진료결과 현황
충북,2436,2018,자의퇴실,응급진료결과 현황
충북,2501,2019,자의퇴실,응급진료결과 현황
충북,1562,2020,자의퇴실,응급진료결과 현황
충북,1565,2021,자의퇴실,응급진료결과 현황
충북,1786,2022,자의퇴실,응급진료결과 현황
충북,2159,2023,자의퇴실,응급진료결과 현황
충북,1645,2024,자의퇴실,응급진료결과 현황
충남,3422,2016,자의퇴실,응급진료결과 현황
충남,3242,2017,자의퇴실,응급진료결과 현황
충남,3887,2018,자의퇴실,응급진료결과 현황
충남,4399,2019,자의퇴실,응급진료결과 현황
충남,3341,2020,자의퇴실,응급진료결과 현황
충남,3562,2021,자의퇴실,응급진료결과 현황
충남,3737,2022,자의퇴실,응급진료결과 현황
충남,4135,2023,자의퇴실,응급진료결과 현황
충남,2361,2024,자의퇴실,응급진료결과 현황
전북,4866,2016,자의퇴실,응급진료결과 현황
전북,4492,2017,자의퇴실,응급진료결과 현황
전북,4339,2018,자의퇴실,응급진료결과 현황
전북,5107,2019,자의퇴실,응급진료결과 현황
전북,3567,2020,자의퇴실,응급진료결과 현황
전북,3725,2021,자의퇴실,응급진료결과 현황
전북,4046,2022,자의퇴실,응급진료결과 현황
전북,4658,2023,자의퇴실,응급진료결과 현황
전북,2227,2024,자의퇴실,응급진료결과 현황
전남,590,2016,자의퇴실,응급진료결과 현황
전남,568,2017,자의퇴실,응급진료결과 현황
전남,535,2018,자의퇴실,응급진료결과 현황
전남,548,2019,자의퇴실,응급진료결과 현황
전남,606,2020,자의퇴실,응급진료결과 현황
전남,692,2021,자의퇴실,응급진료결과 현황
전남,682,2022,자의퇴실,응급진료결과 현황
전남,802,2023,자의퇴실,응급진료결과 현황
전남,768,2024,자의퇴실,응급진료결과 현황
경북,6980,2016,자의퇴실,응급진료결과 현황
경북,7011,2017,자의퇴실,응급진료결과 현황
경북,7425,2018,자의퇴실,응급진료결과 현황
경북,6357,2019,자의퇴실,응급진료결과 현황
경북,4028,2020,자의퇴실,응급진료결과 현황
경북,4308,2021,자의퇴실,응급진료결과 현황
경북,5067,2022,자의퇴실,응급진료결과 현황
경북,5235,2023,자의퇴실,응급진료결과 현황
경북,2968,2024,자의퇴실,응급진료결과 현황
경남,3819,2016,자의퇴실,응급진료결과 현황
경남,4136,2017,자의퇴실,응급진료결과 현황
경남,4141,2018,자의퇴실,응급진료결과 현황
경남,3477,2019,자의퇴실,응급진료결과 현황
경남,3062,2020,자의퇴실,응급진료결과 현황
경남,3406,2021,자의퇴실,응급진료결과 현황
경남,3140,2022,자의퇴실,응급진료결과 현황
경남,4289,2023,자의퇴실,응급진료결과 현황
경남,2533,2024,자의퇴실,응급진료결과 현황
제주,1471,2016,자의퇴실,응급진료결과 현황
제주,1139,2017,자의퇴실,응급진료결과 현황
제주,1225,2018,자의퇴실,응급진료결과 현황
제주,1132,2019,자의퇴실,응급진료결과 현황
제주,990,2020,자의퇴실,응급진료결과 현황
제주,1249,2021,자의퇴실,응급진료결과 현황
제주,1290,2022,자의퇴실,응급진료결과 현황
제주,1486,2023,자의퇴실,응급진료결과 현황
제주,953,2024,자의퇴실,응급진료결과 현황
전체,46657,2016,외래방문 후 귀가,응급진료결과 현황
전체,46863,2017,외래방문 후 귀가,응급진료결과 현황
전체,48039,2018,외래방문 후 귀가,응급진료결과 현황
전체,50955,2019,외래방문 후 귀가,응급진료결과 현황
전체,36341,2020,외래방문 후 귀가,응급진료결과 현황
전체,32875,2021,외래방문 후 귀가,응급진료결과 현황
전체,30686,2022,외래방문 후 귀가,응급진료결과 현황
전체,34532,2023,외래방문 후 귀가,응급진료결과 현황
전체,32390,2024,외래방문 후 귀가,응급진료결과 현황
서울,6567,2016,외래방문 후 귀가,응급진료결과 현황
서울,6563,2017,외래방문 후 귀가,응급진료결과 현황
서울,6308,2018,외래방문 후 귀가,응급진료결과 현황
서울,5602,2019,외래방문 후 귀가,응급진료결과 현황
서울,3834,2020,외래방문 후 귀가,응급진료결과 현황
서울,3402,2021,외래방문 후 귀가,응급진료결과 현황
서울,2958,2022,외래방문 후 귀가,응급진료결과 현황
서울,2682,2023,외래방문 후 귀가,응급진료결과 현황
서울,2630,2024,외래방문 후 귀가,응급진료결과 현황
부산,2520,2016,외래방문 후 귀가,응급진료결과 현황
부산,2475,2017,외래방문 후 귀가,응급진료결과 현황
부산,2804,2018,외래방문 후 귀가,응급진료결과 현황
부산,3494,2019,외래방문 후 귀가,응급진료결과 현황
부산,2838,2020,외래방문 후 귀가,응급진료결과 현황
부산,2598,2021,외래방문 후 귀가,응급진료결과 현황
부산,2253,2022,외래방문 후 귀가,응급진료결과 현황
부산,2414,2023,외래방문 후 귀가,응급진료결과 현황
부산,2120,2024,외래방문 후 귀가,응급진료결과 현황
대구,257,2016,외래방문 후 귀가,응급진료결과 현황
대구,83,2017,외래방문 후 귀가,응급진료결과 현황
대구,57,2018,외래방문 후 귀가,응급진료결과 현황
대구,38,2019,외래방문 후 귀가,응급진료결과 현황
대구,17,2020,외래방문 후 귀가,응급진료결과 현황
대구,17,2021,외래방문 후 귀가,응급진료결과 현황
대구,14,2022,외래방문 후 귀가,응급진료결과 현황
대구,15,2023,외래방문 후 귀가,응급진료결과 현황
대구,13,2024,외래방문 후 귀가,응급진료결과 현황
인천,2493,2016,외래방문 후 귀가,응급진료결과 현황
인천,2570,2017,외래방문 후 귀가,응급진료결과 현황
인천,2368,2018,외래방문 후 귀가,응급진료결과 현황
인천,2623,2019,외래방문 후 귀가,응급진료결과 현황
인천,1764,2020,외래방문 후 귀가,응급진료결과 현황
인천,1607,2021,외래방문 후 귀가,응급진료결과 현황
인천,992,2022,외래방문 후 귀가,응급진료결과 현황
인천,1933,2023,외래방문 후 귀가,응급진료결과 현황
인천,2234,2024,외래방문 후 귀가,응급진료결과 현황
광주,1401,2016,외래방문 후 귀가,응급진료결과 현황
광주,1049,2017,외래방문 후 귀가,응급진료결과 현황
광주,1055,2018,외래방문 후 귀가,응급진료결과 현황
광주,1339,2019,외래방문 후 귀가,응급진료결과 현황
광주,1022,2020,외래방문 후 귀가,응급진료결과 현황
광주,743,2021,외래방문 후 귀가,응급진료결과 현황
광주,805,2022,외래방문 후 귀가,응급진료결과 현황
광주,692,2023,외래방문 후 귀가,응급진료결과 현황
광주,437,2024,외래방문 후 귀가,응급진료결과 현황
대전,859,2016,외래방문 후 귀가,응급진료결과 현황
대전,729,2017,외래방문 후 귀가,응급진료결과 현황
대전,711,2018,외래방문 후 귀가,응급진료결과 현황
대전,512,2019,외래방문 후 귀가,응급진료결과 현황
대전,391,2020,외래방문 후 귀가,응급진료결과 현황
대전,422,2021,외래방문 후 귀가,응급진료결과 현황
대전,257,2022,외래방문 후 귀가,응급진료결과 현황
대전,707,2023,외래방문 후 귀가,응급진료결과 현황
대전,658,2024,외래방문 후 귀가,응급진료결과 현황
울산,770,2016,외래방문 후 귀가,응급진료결과 현황
울산,629,2017,외래방문 후 귀가,응급진료결과 현황
울산,503,2018,외래방문 후 귀가,응급진료결과 현황
울산,511,2019,외래방문 후 귀가,응급진료결과 현황
울산,472,2020,외래방문 후 귀가,응급진료결과 현황
울산,443,2021,외래방문 후 귀가,응급진료결과 현황
울산,584,2022,외래방문 후 귀가,응급진료결과 현황
울산,1734,2023,외래방문 후 귀가,응급진료결과 현황
울산,1641,2024,외래방문 후 귀가,응급진료결과 현황
세종,17,2020,외래방문 후 귀가,응급진료결과 현황
세종,17,2021,외래방문 후 귀가,응급진료결과 현황
세종,23,2022,외래방문 후 귀가,응급진료결과 현황
세종,14,2023,외래방문 후 귀가,응급진료결과 현황
세종,3,2024,외래방문 후 귀가,응급진료결과 현황
경기,10422,2016,외래방문 후 귀가,응급진료결과 현황
경기,11217,2017,외래방문 후 귀가,응급진료결과 현황
경기,12209,2018,외래방문 후 귀가,응급진료결과 현황
경기,13961,2019,외래방문 후 귀가,응급진료결과 현황
경기,9799,2020,외래방문 후 귀가,응급진료결과 현황
경기,8154,2021,외래방문 후 귀가,응급진료결과 현황
경기,7519,2022,외래방문 후 귀가,응급진료결과 현황
경기,8249,2023,외래방문 후 귀가,응급진료결과 현황
경기,7388,2024,외래방문 후 귀가,응급진료결과 현황
강원,960,2016,외래방문 후 귀가,응급진료결과 현황
강원,1115,2017,외래방문 후 귀가,응급진료결과 현황
강원,1392,2018,외래방문 후 귀가,응급진료결과 현황
강원,1202,2019,외래방문 후 귀가,응급진료결과 현황
강원,771,2020,외래방문 후 귀가,응급진료결과 현황
강원,729,2021,외래방문 후 귀가,응급진료결과 현황
강원,783,2022,외래방문 후 귀가,응급진료결과 현황
강원,559,2023,외래방문 후 귀가,응급진료결과 현황
강원,441,2024,외래방문 후 귀가,응급진료결과 현황
충북,999,2016,외래방문 후 귀가,응급진료결과 현황
충북,1015,2017,외래방문 후 귀가,응급진료결과 현황
충북,1047,2018,외래방문 후 귀가,응급진료결과 현황
충북,1627,2019,외래방문 후 귀가,응급진료결과 현황
충북,1312,2020,외래방문 후 귀가,응급진료결과 현황
충북,1242,2021,외래방문 후 귀가,응급진료결과 현황
충북,1080,2022,외래방문 후 귀가,응급진료결과 현황
충북,1265,2023,외래방문 후 귀가,응급진료결과 현황
충북,1272,2024,외래방문 후 귀가,응급진료결과 현황
충남,3944,2016,외래방문 후 귀가,응급진료결과 현황
충남,3934,2017,외래방문 후 귀가,응급진료결과 현황
충남,4211,2018,외래방문 후 귀가,응급진료결과 현황
충남,3482,2019,외래방문 후 귀가,응급진료결과 현황
충남,2526,2020,외래방문 후 귀가,응급진료결과 현황
충남,2617,2021,외래방문 후 귀가,응급진료결과 현황
충남,2908,2022,외래방문 후 귀가,응급진료결과 현황
충남,3153,2023,외래방문 후 귀가,응급진료결과 현황
충남,3625,2024,외래방문 후 귀가,응급진료결과 현황
전북,925,2016,외래방문 후 귀가,응급진료결과 현황
전북,1452,2017,외래방문 후 귀가,응급진료결과 현황
전북,851,2018,외래방문 후 귀가,응급진료결과 현황
전북,1703,2019,외래방문 후 귀가,응급진료결과 현황
전북,1180,2020,외래방문 후 귀가,응급진료결과 현황
전북,1044,2021,외래방문 후 귀가,응급진료결과 현황
전북,1139,2022,외래방문 후 귀가,응급진료결과 현황
전북,1206,2023,외래방문 후 귀가,응급진료결과 현황
전북,1081,2024,외래방문 후 귀가,응급진료결과 현황
전남,2933,2016,외래방문 후 귀가,응급진료결과 현황
전남,2630,2017,외래방문 후 귀가,응급진료결과 현황
전남,2644,2018,외래방문 후 귀가,응급진료결과 현황
전남,3152,2019,외래방문 후 귀가,응급진료결과 현황
전남,2416,2020,외래방문 후 귀가,응급진료결과 현황
전남,2266,2021,외래방문 후 귀가,응급진료결과 현황
전남,2018,2022,외래방문 후 귀가,응급진료결과 현황
전남,2243,2023,외래방문 후 귀가,응급진료결과 현황
전남,1843,2024,외래방문 후 귀가,응급진료결과 현황
경북,6020,2016,외래방문 후 귀가,응급진료결과 현황
경북,6182,2017,외래방문 후 귀가,응급진료결과 현황
경북,6894,2018,외래방문 후 귀가,응급진료결과 현황
경북,6886,2019,외래방문 후 귀가,응급진료결과 현황
경북,4901,2020,외래방문 후 귀가,응급진료결과 현황
경북,4803,2021,외래방문 후 귀가,응급진료결과 현황
경북,4763,2022,외래방문 후 귀가,응급진료결과 현황
경북,4756,2023,외래방문 후 귀가,응급진료결과 현황
경북,4507,2024,외래방문 후 귀가,응급진료결과 현황
경남,3267,2016,외래방문 후 귀가,응급진료결과 현황
경남,2946,2017,외래방문 후 귀가,응급진료결과 현황
경남,2873,2018,외래방문 후 귀가,응급진료결과 현황
경남,3053,2019,외래방문 후 귀가,응급진료결과 현황
경남,1820,2020,외래방문 후 귀가,응급진료결과 현황
경남,1820,2021,외래방문 후 귀가,응급진료결과 현황
경남,1677,2022,외래방문 후 귀가,응급진료결과 현황
경남,1823,2023,외래방문 후 귀가,응급진료결과 현황
경남,1503,2024,외래방문 후 귀가,응급진료결과 현황
제주,2320,2016,외래방문 후 귀가,응급진료결과 현황
제주,2274,2017,외래방문 후 귀가,응급진료결과 현황
제주,2112,2018,외래방문 후 귀가,응급진료결과 현황
제주,1770,2019,외래방문 후 귀가,응급진료결과 현황
제주,1261,2020,외래방문 후 귀가,응급진료결과 현황
제주,951,2021,외래방문 후 귀가,응급진료결과 현황
제주,913,2022,외래방문 후 귀가,응급진료결과 현황
제주,1087,2023,외래방문 후 귀가,응급진료결과 현황
제주,994,2024,외래방문 후 귀가,응급진료결과 현황
전체,83462,2016,기타,응급진료결과 현황
전체,57408,2017,기타,응급진료결과 현황
전체,32954,2018,기타,응급진료결과 현황
전체,25358,2019,기타,응급진료결과 현황
전체,53263,2020,기타,응급진료결과 현황
전체,216402,2021,기타,응급진료결과 현황
전체,198187,2022,기타,응급진료결과 현황
전체,104032,2023,기타,응급진료결과 현황
전체,14251,2024,기타,응급진료결과 현황
서울,7461,2016,기타,응급진료결과 현황
서울,9179,2017,기타,응급진료결과 현황
서울,7435,2018,기타,응급진료결과 현황
서울,3830,2019,기타,응급진료결과 현황
서울,7807,2020,기타,응급진료결과 현황
서울,75693,2021,기타,응급진료결과 현황
서울,70484,2022,기타,응급진료결과 현황
서울,45539,2023,기타,응급진료결과 현황
서울,3951,2024,기타,응급진료결과 현황
부산,1898,2016,기타,응급진료결과 현황
부산,1205,2017,기타,응급진료결과 현황
부산,1393,2018,기타,응급진료결과 현황
부산,1876,2019,기타,응급진료결과 현황
부산,1701,2020,기타,응급진료결과 현황
부산,1038,2021,기타,응급진료결과 현황
부산,815,2022,기타,응급진료결과 현황
부산,1087,2023,기타,응급진료결과 현황
부산,180,2024,기타,응급진료결과 현황
대구,3023,2016,기타,응급진료결과 현황
대구,2694,2017,기타,응급진료결과 현황
대구,2381,2018,기타,응급진료결과 현황
대구,1853,2019,기타,응급진료결과 현황
대구,1686,2020,기타,응급진료결과 현황
대구,2240,2021,기타,응급진료결과 현황
대구,1720,2022,기타,응급진료결과 현황
대구,1224,2023,기타,응급진료결과 현황
대구,645,2024,기타,응급진료결과 현황
인천,2540,2016,기타,응급진료결과 현황
인천,2089,2017,기타,응급진료결과 현황
인천,1451,2018,기타,응급진료결과 현황
인천,1239,2019,기타,응급진료결과 현황
인천,5521,2020,기타,응급진료결과 현황
인천,24397,2021,기타,응급진료결과 현황
인천,24882,2022,기타,응급진료결과 현황
인천,9226,2023,기타,응급진료결과 현황
인천,856,2024,기타,응급진료결과 현황
광주,1979,2016,기타,응급진료결과 현황
광주,1454,2017,기타,응급진료결과 현황
광주,525,2018,기타,응급진료결과 현황
광주,404,2019,기타,응급진료결과 현황
광주,1112,2020,기타,응급진료결과 현황
광주,4148,2021,기타,응급진료결과 현황
광주,5848,2022,기타,응급진료결과 현황
광주,2550,2023,기타,응급진료결과 현황
광주,61,2024,기타,응급진료결과 현황
대전,2357,2016,기타,응급진료결과 현황
대전,1811,2017,기타,응급진료결과 현황
대전,2076,2018,기타,응급진료결과 현황
대전,1905,2019,기타,응급진료결과 현황
대전,3547,2020,기타,응급진료결과 현황
대전,5464,2021,기타,응급진료결과 현황
대전,5632,2022,기타,응급진료결과 현황
대전,3517,2023,기타,응급진료결과 현황
대전,361,2024,기타,응급진료결과 현황
울산,217,2016,기타,응급진료결과 현황
울산,37,2017,기타,응급진료결과 현황
울산,40,2018,기타,응급진료결과 현황
울산,3,2019,기타,응급진료결과 현황
울산,-,2020,기타,응급진료결과 현황
울산,2893,2021,기타,응급진료결과 현황
울산,2618,2022,기타,응급진료결과 현황
울산,2483,2023,기타,응급진료결과 현황
울산,17,2024,기타,응급진료결과 현황
세종,-,2020,기타,응급진료결과 현황
세종,-,2021,기타,응급진료결과 현황
세종,-,2022,기타,응급진료결과 현황
세종,-,2023,기타,응급진료결과 현황
세종,-,2024,기타,응급진료결과 현황
경기,14963,2016,기타,응급진료결과 현황
경기,10189,2017,기타,응급진료결과 현황
경기,7969,2018,기타,응급진료결과 현황
경기,7090,2019,기타,응급진료결과 현황
경기,15532,2020,기타,응급진료결과 현황
경기,58238,2021,기타,응급진료결과 현황
경기,44815,2022,기타,응급진료결과 현황
경기,22937,2023,기타,응급진료결과 현황
경기,3445,2024,기타,응급진료결과 현황
강원,1179,2016,기타,응급진료결과 현황
강원,929,2017,기타,응급진료결과 현황
강원,400,2018,기타,응급진료결과 현황
강원,421,2019,기타,응급진료결과 현황
강원,211,2020,기타,응급진료결과 현황
강원,1045,2021,기타,응급진료결과 현황
강원,3303,2022,기타,응급진료결과 현황
강원,492,2023,기타,응급진료결과 현황
강원,93,2024,기타,응급진료결과 현황
충북,8065,2016,기타,응급진료결과 현황
충북,6872,2017,기타,응급진료결과 현황
충북,1434,2018,기타,응급진료결과 현황
충북,359,2019,기타,응급진료결과 현황
충북,303,2020,기타,응급진료결과 현황
충북,691,2021,기타,응급진료결과 현황
충북,554,2022,기타,응급진료결과 현황
충북,180,2023,기타,응급진료결과 현황
충북,107,2024,기타,응급진료결과 현황
충남,1577,2016,기타,응급진료결과 현황
충남,567,2017,기타,응급진료결과 현황
충남,306,2018,기타,응급진료결과 현황
충남,163,2019,기타,응급진료결과 현황
충남,486,2020,기타,응급진료결과 현황
충남,7451,2021,기타,응급진료결과 현황
충남,9422,2022,기타,응급진료결과 현황
충남,4154,2023,기타,응급진료결과 현황
충남,1520,2024,기타,응급진료결과 현황
전북,3126,2016,기타,응급진료결과 현황
전북,3119,2017,기타,응급진료결과 현황
전북,2863,2018,기타,응급진료결과 현황
전북,1254,2019,기타,응급진료결과 현황
전북,2694,2020,기타,응급진료결과 현황
전북,8258,2021,기타,응급진료결과 현황
전북,8374,2022,기타,응급진료결과 현황
전북,1524,2023,기타,응급진료결과 현황
전북,973,2024,기타,응급진료결과 현황
전남,13855,2016,기타,응급진료결과 현황
전남,10414,2017,기타,응급진료결과 현황
전남,1820,2018,기타,응급진료결과 현황
전남,2162,2019,기타,응급진료결과 현황
전남,1920,2020,기타,응급진료결과 현황
전남,4315,2021,기타,응급진료결과 현황
전남,2336,2022,기타,응급진료결과 현황
전남,1690,2023,기타,응급진료결과 현황
전남,1294,2024,기타,응급진료결과 현황
경북,18621,2016,기타,응급진료결과 현황
경북,3953,2017,기타,응급진료결과 현황
경북,338,2018,기타,응급진료결과 현황
경북,42,2019,기타,응급진료결과 현황
경북,3726,2020,기타,응급진료결과 현황
경북,8449,2021,기타,응급진료결과 현황
경북,7493,2022,기타,응급진료결과 현황
경북,3927,2023,기타,응급진료결과 현황
경북,66,2024,기타,응급진료결과 현황
경남,1804,2016,기타,응급진료결과 현황
경남,1990,2017,기타,응급진료결과 현황
경남,1852,2018,기타,응급진료결과 현황
경남,1858,2019,기타,응급진료결과 현황
경남,1325,2020,기타,응급진료결과 현황
경남,887,2021,기타,응급진료결과 현황
경남,1538,2022,기타,응급진료결과 현황
경남,453,2023,기타,응급진료결과 현황
경남,185,2024,기타,응급진료결과 현황
제주,797,2016,기타,응급진료결과 현황
제주,906,2017,기타,응급진료결과 현황
제주,671,2018,기타,응급진료결과 현황
제주,899,2019,기타,응급진료결과 현황
제주,5692,2020,기타,응급진료결과 현황
제주,11195,2021,기타,응급진료결과 현황
제주,8353,2022,기타,응급진료결과 현황
제주,3049,2023,기타,응급진료결과 현황
제주,497,2024,기타,응급진료결과 현황
전체,31347,2016,사망,응급진료결과 현황
전체,31121,2017,사망,응급진료결과 현황
전체,32237,2018,사망,응급진료결과 현황
전체,31785,2019,사망,응급진료결과 현황
전체,33238,2020,사망,응급진료결과 현황
전체,34670,2021,사망,응급진료결과 현황
전체,36541,2022,사망,응급진료결과 현황
전체,33965,2023,사망,응급진료결과 현황
전체,31351,2024,사망,응급진료결과 현황
서울,6806,2016,사망,응급진료결과 현황
서울,7085,2017,사망,응급진료결과 현황
서울,7109,2018,사망,응급진료결과 현황
서울,6373,2019,사망,응급진료결과 현황
서울,6447,2020,사망,응급진료결과 현황
서울,6717,2021,사망,응급진료결과 현황
서울,7108,2022,사망,응급진료결과 현황
서울,6089,2023,사망,응급진료결과 현황
서울,5392,2024,사망,응급진료결과 현황
부산,1294,2016,사망,응급진료결과 현황
부산,1193,2017,사망,응급진료결과 현황
부산,1298,2018,사망,응급진료결과 현황
부산,1379,2019,사망,응급진료결과 현황
부산,1436,2020,사망,응급진료결과 현황
부산,1660,2021,사망,응급진료결과 현황
부산,1834,2022,사망,응급진료결과 현황
부산,1513,2023,사망,응급진료결과 현황
부산,1257,2024,사망,응급진료결과 현황
대구,2309,2016,사망,응급진료결과 현황
대구,2089,2017,사망,응급진료결과 현황
대구,2281,2018,사망,응급진료결과 현황
대구,2098,2019,사망,응급진료결과 현황
대구,2332,2020,사망,응급진료결과 현황
대구,2144,2021,사망,응급진료결과 현황
대구,2275,2022,사망,응급진료결과 현황
대구,2064,2023,사망,응급진료결과 현황
대구,1658,2024,사망,응급진료결과 현황
인천,1648,2016,사망,응급진료결과 현황
인천,1656,2017,사망,응급진료결과 현황
인천,1738,2018,사망,응급진료결과 현황
인천,1649,2019,사망,응급진료결과 현황
인천,1835,2020,사망,응급진료결과 현황
인천,1941,2021,사망,응급진료결과 현황
인천,2005,2022,사망,응급진료결과 현황
인천,2100,2023,사망,응급진료결과 현황
인천,2030,2024,사망,응급진료결과 현황
광주,875,2016,사망,응급진료결과 현황
광주,938,2017,사망,응급진료결과 현황
광주,934,2018,사망,응급진료결과 현황
광주,922,2019,사망,응급진료결과 현황
광주,873,2020,사망,응급진료결과 현황
광주,841,2021,사망,응급진료결과 현황
광주,856,2022,사망,응급진료결과 현황
광주,898,2023,사망,응급진료결과 현황
광주,692,2024,사망,응급진료결과 현황
대전,807,2016,사망,응급진료결과 현황
대전,764,2017,사망,응급진료결과 현황
대전,819,2018,사망,응급진료결과 현황
대전,808,2019,사망,응급진료결과 현황
대전,889,2020,사망,응급진료결과 현황
대전,919,2021,사망,응급진료결과 현황
대전,978,2022,사망,응급진료결과 현황
대전,913,2023,사망,응급진료결과 현황
대전,789,2024,사망,응급진료결과 현황
울산,302,2016,사망,응급진료결과 현황
울산,269,2017,사망,응급진료결과 현황
울산,339,2018,사망,응급진료결과 현황
울산,334,2019,사망,응급진료결과 현황
울산,356,2020,사망,응급진료결과 현황
울산,416,2021,사망,응급진료결과 현황
울산,360,2022,사망,응급진료결과 현황
울산,569,2023,사망,응급진료결과 현황
울산,560,2024,사망,응급진료결과 현황
세종,29,2020,사망,응급진료결과 현황
세종,132,2021,사망,응급진료결과 현황
세종,161,2022,사망,응급진료결과 현황
세종,129,2023,사망,응급진료결과 현황
세종,99,2024,사망,응급진료결과 현황
경기,7026,2016,사망,응급진료결과 현황
경기,6591,2017,사망,응급진료결과 현황
경기,6833,2018,사망,응급진료결과 현황
경기,7039,2019,사망,응급진료결과 현황
경기,7037,2020,사망,응급진료결과 현황
경기,7155,2021,사망,응급진료결과 현황
경기,7087,2022,사망,응급진료결과 현황
경기,7168,2023,사망,응급진료결과 현황
경기,6837,2024,사망,응급진료결과 현황
강원,1776,2016,사망,응급진료결과 현황
강원,1852,2017,사망,응급진료결과 현황
강원,1926,2018,사망,응급진료결과 현황
강원,1927,2019,사망,응급진료결과 현황
강원,2086,2020,사망,응급진료결과 현황
강원,2206,2021,사망,응급진료결과 현황
강원,2373,2022,사망,응급진료결과 현황
강원,2028,2023,사망,응급진료결과 현황
강원,1726,2024,사망,응급진료결과 현황
충북,957,2016,사망,응급진료결과 현황
충북,1068,2017,사망,응급진료결과 현황
충북,1144,2018,사망,응급진료결과 현황
충북,1525,2019,사망,응급진료결과 현황
충북,1748,2020,사망,응급진료결과 현황
충북,1831,2021,사망,응급진료결과 현황
충북,2162,2022,사망,응급진료결과 현황
충북,2247,2023,사망,응급진료결과 현황
충북,2235,2024,사망,응급진료결과 현황
충남,1457,2016,사망,응급진료결과 현황
충남,1443,2017,사망,응급진료결과 현황
충남,1517,2018,사망,응급진료결과 현황
충남,1447,2019,사망,응급진료결과 현황
충남,1609,2020,사망,응급진료결과 현황
충남,1687,2021,사망,응급진료결과 현황
충남,1863,2022,사망,응급진료결과 현황
충남,1712,2023,사망,응급진료결과 현황
충남,1805,2024,사망,응급진료결과 현황
전북,1478,2016,사망,응급진료결과 현황
전북,1564,2017,사망,응급진료결과 현황
전북,1400,2018,사망,응급진료결과 현황
전북,1585,2019,사망,응급진료결과 현황
전북,1484,2020,사망,응급진료결과 현황
전북,1702,2021,사망,응급진료결과 현황
전북,1804,2022,사망,응급진료결과 현황
전북,1600,2023,사망,응급진료결과 현황
전북,1464,2024,사망,응급진료결과 현황
전남,688,2016,사망,응급진료결과 현황
전남,778,2017,사망,응급진료결과 현황
전남,816,2018,사망,응급진료결과 현황
전남,859,2019,사망,응급진료결과 현황
전남,942,2020,사망,응급진료결과 현황
전남,923,2021,사망,응급진료결과 현황
전남,999,2022,사망,응급진료결과 현황
전남,842,2023,사망,응급진료결과 현황
전남,862,2024,사망,응급진료결과 현황
경북,1686,2016,사망,응급진료결과 현황
경북,1592,2017,사망,응급진료결과 현황
경북,1701,2018,사망,응급진료결과 현황
경북,1623,2019,사망,응급진료결과 현황
경북,1838,2020,사망,응급진료결과 현황
경북,1937,2021,사망,응급진료결과 현황
경북,2052,2022,사망,응급진료결과 현황
경북,1749,2023,사망,응급진료결과 현황
경북,1581,2024,사망,응급진료결과 현황
경남,1423,2016,사망,응급진료결과 현황
경남,1369,2017,사망,응급진료결과 현황
경남,1541,2018,사망,응급진료결과 현황
경남,1472,2019,사망,응급진료결과 현황
경남,1562,2020,사망,응급진료결과 현황
경남,1665,2021,사망,응급진료결과 현황
경남,1802,2022,사망,응급진료결과 현황
경남,1647,2023,사망,응급진료결과 현황
경남,1623,2024,사망,응급진료결과 현황
제주,815,2016,사망,응급진료결과 현황
제주,870,2017,사망,응급진료결과 현황
제주,841,2018,사망,응급진료결과 현황
제주,745,2019,사망,응급진료결과 현황
제주,735,2020,사망,응급진료결과 현황
제주,794,2021,사망,응급진료결과 현황
제주,822,2022,사망,응급진료결과 현황
제주,697,2023,사망,응급진료결과 현황
제주,741,2024,사망,응급진료결과 현황
전체,11000,2016,치료대상이 되지 않는 DOA,응급진료결과 현황
전체,10385,2017,치료대상이 되지 않는 DOA,응급진료결과 현황
전체,9929,2018,치료대상이 되지 않는 DOA,응급진료결과 현황
전체,9038,2019,치료대상이 되지 않는 DOA,응급진료결과 현황
전체,8300,2020,치료대상이 되지 않는 DOA,응급진료결과 현황
전체,7838,2021,치료대상이 되지 않는 DOA,응급진료결과 현황
전체,8173,2022,치료대상이 되지 않는 DOA,응급진료결과 현황
전체,7896,2023,치료대상이 되지 않는 DOA,응급진료결과 현황
전체,7153,2024,치료대상이 되지 않는 DOA,응급진료결과 현황
서울,2824,2016,치료대상이 되지 않는 DOA,응급진료결과 현황
서울,2912,2017,치료대상이 되지 않는 DOA,응급진료결과 현황
서울,2662,2018,치료대상이 되지 않는 DOA,응급진료결과 현황
서울,2117,2019,치료대상이 되지 않는 DOA,응급진료결과 현황
서울,1719,2020,치료대상이 되지 않는 DOA,응급진료결과 현황
서울,1498,2021,치료대상이 되지 않는 DOA,응급진료결과 현황
서울,1682,2022,치료대상이 되지 않는 DOA,응급진료결과 현황
서울,1358,2023,치료대상이 되지 않는 DOA,응급진료결과 현황
서울,905,2024,치료대상이 되지 않는 DOA,응급진료결과 현황
부산,54,2016,치료대상이 되지 않는 DOA,응급진료결과 현황
부산,34,2017,치료대상이 되지 않는 DOA,응급진료결과 현황
부산,39,2018,치료대상이 되지 않는 DOA,응급진료결과 현황
부산,49,2019,치료대상이 되지 않는 DOA,응급진료결과 현황
부산,59,2020,치료대상이 되지 않는 DOA,응급진료결과 현황
부산,62,2021,치료대상이 되지 않는 DOA,응급진료결과 현황
부산,63,2022,치료대상이 되지 않는 DOA,응급진료결과 현황
부산,44,2023,치료대상이 되지 않는 DOA,응급진료결과 현황
부산,43,2024,치료대상이 되지 않는 DOA,응급진료결과 현황
대구,241,2016,치료대상이 되지 않는 DOA,응급진료결과 현황
대구,153,2017,치료대상이 되지 않는 DOA,응급진료결과 현황
대구,141,2018,치료대상이 되지 않는 DOA,응급진료결과 현황
대구,93,2019,치료대상이 되지 않는 DOA,응급진료결과 현황
대구,93,2020,치료대상이 되지 않는 DOA,응급진료결과 현황
대구,82,2021,치료대상이 되지 않는 DOA,응급진료결과 현황
대구,40,2022,치료대상이 되지 않는 DOA,응급진료결과 현황
대구,39,2023,치료대상이 되지 않는 DOA,응급진료결과 현황
대구,26,2024,치료대상이 되지 않는 DOA,응급진료결과 현황
인천,620,2016,치료대상이 되지 않는 DOA,응급진료결과 현황
인천,496,2017,치료대상이 되지 않는 DOA,응급진료결과 현황
인천,518,2018,치료대상이 되지 않는 DOA,응급진료결과 현황
인천,548,2019,치료대상이 되지 않는 DOA,응급진료결과 현황
인천,569,2020,치료대상이 되지 않는 DOA,응급진료결과 현황
인천,512,2021,치료대상이 되지 않는 DOA,응급진료결과 현황
인천,508,2022,치료대상이 되지 않는 DOA,응급진료결과 현황
인천,791,2023,치료대상이 되지 않는 DOA,응급진료결과 현황
인천,721,2024,치료대상이 되지 않는 DOA,응급진료결과 현황
광주,151,2016,치료대상이 되지 않는 DOA,응급진료결과 현황
광주,141,2017,치료대상이 되지 않는 DOA,응급진료결과 현황
광주,173,2018,치료대상이 되지 않는 DOA,응급진료결과 현황
광주,173,2019,치료대상이 되지 않는 DOA,응급진료결과 현황
광주,179,2020,치료대상이 되지 않는 DOA,응급진료결과 현황
광주,208,2021,치료대상이 되지 않는 DOA,응급진료결과 현황
광주,219,2022,치료대상이 되지 않는 DOA,응급진료결과 현황
광주,242,2023,치료대상이 되지 않는 DOA,응급진료결과 현황
광주,201,2024,치료대상이 되지 않는 DOA,응급진료결과 현황
대전,229,2016,치료대상이 되지 않는 DOA,응급진료결과 현황
대전,206,2017,치료대상이 되지 않는 DOA,응급진료결과 현황
대전,162,2018,치료대상이 되지 않는 DOA,응급진료결과 현황
대전,115,2019,치료대상이 되지 않는 DOA,응급진료결과 현황
대전,129,2020,치료대상이 되지 않는 DOA,응급진료결과 현황
대전,98,2021,치료대상이 되지 않는 DOA,응급진료결과 현황
대전,104,2022,치료대상이 되지 않는 DOA,응급진료결과 현황
대전,108,2023,치료대상이 되지 않는 DOA,응급진료결과 현황
대전,74,2024,치료대상이 되지 않는 DOA,응급진료결과 현황
울산,64,2016,치료대상이 되지 않는 DOA,응급진료결과 현황
울산,50,2017,치료대상이 되지 않는 DOA,응급진료결과 현황
울산,61,2018,치료대상이 되지 않는 DOA,응급진료결과 현황
울산,37,2019,치료대상이 되지 않는 DOA,응급진료결과 현황
울산,37,2020,치료대상이 되지 않는 DOA,응급진료결과 현황
울산,34,2021,치료대상이 되지 않는 DOA,응급진료결과 현황
울산,27,2022,치료대상이 되지 않는 DOA,응급진료결과 현황
울산,47,2023,치료대상이 되지 않는 DOA,응급진료결과 현황
울산,38,2024,치료대상이 되지 않는 DOA,응급진료결과 현황
세종,4,2020,치료대상이 되지 않는 DOA,응급진료결과 현황
세종,34,2021,치료대상이 되지 않는 DOA,응급진료결과 현황
세종,56,2022,치료대상이 되지 않는 DOA,응급진료결과 현황
세종,25,2023,치료대상이 되지 않는 DOA,응급진료결과 현황
세종,18,2024,치료대상이 되지 않는 DOA,응급진료결과 현황
경기,2962,2016,치료대상이 되지 않는 DOA,응급진료결과 현황
경기,2572,2017,치료대상이 되지 않는 DOA,응급진료결과 현황
경기,2327,2018,치료대상이 되지 않는 DOA,응급진료결과 현황
경기,1941,2019,치료대상이 되지 않는 DOA,응급진료결과 현황
경기,1361,2020,치료대상이 되지 않는 DOA,응급진료결과 현황
경기,1047,2021,치료대상이 되지 않는 DOA,응급진료결과 현황
경기,733,2022,치료대상이 되지 않는 DOA,응급진료결과 현황
경기,822,2023,치료대상이 되지 않는 DOA,응급진료결과 현황
경기,833,2024,치료대상이 되지 않는 DOA,응급진료결과 현황
강원,833,2016,치료대상이 되지 않는 DOA,응급진료결과 현황
강원,883,2017,치료대상이 되지 않는 DOA,응급진료결과 현황
강원,905,2018,치료대상이 되지 않는 DOA,응급진료결과 현황
강원,888,2019,치료대상이 되지 않는 DOA,응급진료결과 현황
강원,1026,2020,치료대상이 되지 않는 DOA,응급진료결과 현황
강원,1016,2021,치료대상이 되지 않는 DOA,응급진료결과 현황
강원,1020,2022,치료대상이 되지 않는 DOA,응급진료결과 현황
강원,865,2023,치료대상이 되지 않는 DOA,응급진료결과 현황
강원,747,2024,치료대상이 되지 않는 DOA,응급진료결과 현황
충북,305,2016,치료대상이 되지 않는 DOA,응급진료결과 현황
충북,445,2017,치료대상이 되지 않는 DOA,응급진료결과 현황
충북,506,2018,치료대상이 되지 않는 DOA,응급진료결과 현황
충북,751,2019,치료대상이 되지 않는 DOA,응급진료결과 현황
충북,943,2020,치료대상이 되지 않는 DOA,응급진료결과 현황
충북,941,2021,치료대상이 되지 않는 DOA,응급진료결과 현황
충북,1217,2022,치료대상이 되지 않는 DOA,응급진료결과 현황
충북,1327,2023,치료대상이 되지 않는 DOA,응급진료결과 현황
충북,1363,2024,치료대상이 되지 않는 DOA,응급진료결과 현황
충남,530,2016,치료대상이 되지 않는 DOA,응급진료결과 현황
충남,501,2017,치료대상이 되지 않는 DOA,응급진료결과 현황
충남,541,2018,치료대상이 되지 않는 DOA,응급진료결과 현황
충남,519,2019,치료대상이 되지 않는 DOA,응급진료결과 현황
충남,502,2020,치료대상이 되지 않는 DOA,응급진료결과 현황
충남,502,2021,치료대상이 되지 않는 DOA,응급진료결과 현황
충남,583,2022,치료대상이 되지 않는 DOA,응급진료결과 현황
충남,626,2023,치료대상이 되지 않는 DOA,응급진료결과 현황
충남,766,2024,치료대상이 되지 않는 DOA,응급진료결과 현황
전북,399,2016,치료대상이 되지 않는 DOA,응급진료결과 현황
전북,391,2017,치료대상이 되지 않는 DOA,응급진료결과 현황
전북,404,2018,치료대상이 되지 않는 DOA,응급진료결과 현황
전북,486,2019,치료대상이 되지 않는 DOA,응급진료결과 현황
전북,395,2020,치료대상이 되지 않는 DOA,응급진료결과 현황
전북,403,2021,치료대상이 되지 않는 DOA,응급진료결과 현황
전북,399,2022,치료대상이 되지 않는 DOA,응급진료결과 현황
전북,354,2023,치료대상이 되지 않는 DOA,응급진료결과 현황
전북,194,2024,치료대상이 되지 않는 DOA,응급진료결과 현황
전남,269,2016,치료대상이 되지 않는 DOA,응급진료결과 현황
전남,244,2017,치료대상이 되지 않는 DOA,응급진료결과 현황
전남,274,2018,치료대상이 되지 않는 DOA,응급진료결과 현황
전남,281,2019,치료대상이 되지 않는 DOA,응급진료결과 현황
전남,315,2020,치료대상이 되지 않는 DOA,응급진료결과 현황
전남,312,2021,치료대상이 되지 않는 DOA,응급진료결과 현황
전남,346,2022,치료대상이 되지 않는 DOA,응급진료결과 현황
전남,298,2023,치료대상이 되지 않는 DOA,응급진료결과 현황
전남,314,2024,치료대상이 되지 않는 DOA,응급진료결과 현황
경북,863,2016,치료대상이 되지 않는 DOA,응급진료결과 현황
경북,750,2017,치료대상이 되지 않는 DOA,응급진료결과 현황
경북,719,2018,치료대상이 되지 않는 DOA,응급진료결과 현황
경북,655,2019,치료대상이 되지 않는 DOA,응급진료결과 현황
경북,652,2020,치료대상이 되지 않는 DOA,응급진료결과 현황
경북,758,2021,치료대상이 되지 않는 DOA,응급진료결과 현황
경북,812,2022,치료대상이 되지 않는 DOA,응급진료결과 현황
경북,651,2023,치료대상이 되지 않는 DOA,응급진료결과 현황
경북,587,2024,치료대상이 되지 않는 DOA,응급진료결과 현황
경남,231,2016,치료대상이 되지 않는 DOA,응급진료결과 현황
경남,167,2017,치료대상이 되지 않는 DOA,응급진료결과 현황
경남,119,2018,치료대상이 되지 않는 DOA,응급진료결과 현황
경남,101,2019,치료대상이 되지 않는 DOA,응급진료결과 현황
경남,93,2020,치료대상이 되지 않는 DOA,응급진료결과 현황
경남,90,2021,치료대상이 되지 않는 DOA,응급진료결과 현황
경남,77,2022,치료대상이 되지 않는 DOA,응급진료결과 현황
경남,67,2023,치료대상이 되지 않는 DOA,응급진료결과 현황
경남,82,2024,치료대상이 되지 않는 DOA,응급진료결과 현황
제주,425,2016,치료대상이 되지 않는 DOA,응급진료결과 현황
제주,440,2017,치료대상이 되지 않는 DOA,응급진료결과 현황
제주,378,2018,치료대상이 되지 않는 DOA,응급진료결과 현황
제주,284,2019,치료대상이 되지 않는 DOA,응급진료결과 현황
제주,224,2020,치료대상이 되지 않는 DOA,응급진료결과 현황
제주,241,2021,치료대상이 되지 않는 DOA,응급진료결과 현황
제주,287,2022,치료대상이 되지 않는 DOA,응급진료결과 현황
제주,232,2023,치료대상이 되지 않는 DOA,응급진료결과 현황
제주,241,2024,치료대상이 되지 않는 DOA,응급진료결과 현황
전체,1698,2016,내원시 심정지 응급실 CPR 미시행 사망,응급진료결과 현황
전체,1344,2017,내원시 심정지 응급실 CPR 미시행 사망,응급진료결과 현황
전체,1222,2018,내원시 심정지 응급실 CPR 미시행 사망,응급진료결과 현황
전체,1125,2019,내원시 심정지 응급실 CPR 미시행 사망,응급진료결과 현황
전체,1258,2020,내원시 심정지 응급실 CPR 미시행 사망,응급진료결과 현황
전체,1191,2021,내원시 심정지 응급실 CPR 미시행 사망,응급진료결과 현황
전체,1069,2022,내원시 심정지 응급실 CPR 미시행 사망,응급진료결과 현황
전체,943,2023,내원시 심정지 응급실 CPR 미시행 사망,응급진료결과 현황
전체,980,2024,내원시 심정지 응급실 CPR 미시행 사망,응급진료결과 현황
서울,188,2016,내원시 심정지 응급실 CPR 미시행 사망,응급진료결과 현황
서울,155,2017,내원시 심정지 응급실 CPR 미시행 사망,응급진료결과 현황
서울,164,2018,내원시 심정지 응급실 CPR 미시행 사망,응급진료결과 현황
서울,117,2019,내원시 심정지 응급실 CPR 미시행 사망,응급진료결과 현황
서울,160,2020,내원시 심정지 응급실 CPR 미시행 사망,응급진료결과 현황
서울,155,2021,내원시 심정지 응급실 CPR 미시행 사망,응급진료결과 현황
서울,114,2022,내원시 심정지 응급실 CPR 미시행 사망,응급진료결과 현황
서울,116,2023,내원시 심정지 응급실 CPR 미시행 사망,응급진료결과 현황
서울,115,2024,내원시 심정지 응급실 CPR 미시행 사망,응급진료결과 현황
부산,31,2016,내원시 심정지 응급실 CPR 미시행 사망,응급진료결과 현황
부산,15,2017,내원시 심정지 응급실 CPR 미시행 사망,응급진료결과 현황
부산,17,2018,내원시 심정지 응급실 CPR 미시행 사망,응급진료결과 현황
부산,29,2019,내원시 심정지 응급실 CPR 미시행 사망,응급진료결과 현황
부산,40,2020,내원시 심정지 응급실 CPR 미시행 사망,응급진료결과 현황
부산,36,2021,내원시 심정지 응급실 CPR 미시행 사망,응급진료결과 현황
부산,32,2022,내원시 심정지 응급실 CPR 미시행 사망,응급진료결과 현황
부산,23,2023,내원시 심정지 응급실 CPR 미시행 사망,응급진료결과 현황
부산,27,2024,내원시 심정지 응급실 CPR 미시행 사망,응급진료결과 현황
대구,208,2016,내원시 심정지 응급실 CPR 미시행 사망,응급진료결과 현황
대구,134,2017,내원시 심정지 응급실 CPR 미시행 사망,응급진료결과 현황
대구,121,2018,내원시 심정지 응급실 CPR 미시행 사망,응급진료결과 현황
대구,58,2019,내원시 심정지 응급실 CPR 미시행 사망,응급진료결과 현황
대구,51,2020,내원시 심정지 응급실 CPR 미시행 사망,응급진료결과 현황
대구,46,2021,내원시 심정지 응급실 CPR 미시행 사망,응급진료결과 현황
대구,40,2022,내원시 심정지 응급실 CPR 미시행 사망,응급진료결과 현황
대구,38,2023,내원시 심정지 응급실 CPR 미시행 사망,응급진료결과 현황
대구,21,2024,내원시 심정지 응급실 CPR 미시행 사망,응급진료결과 현황
인천,40,2016,내원시 심정지 응급실 CPR 미시행 사망,응급진료결과 현황
인천,27,2017,내원시 심정지 응급실 CPR 미시행 사망,응급진료결과 현황
인천,23,2018,내원시 심정지 응급실 CPR 미시행 사망,응급진료결과 현황
인천,25,2019,내원시 심정지 응급실 CPR 미시행 사망,응급진료결과 현황
인천,36,2020,내원시 심정지 응급실 CPR 미시행 사망,응급진료결과 현황
인천,26,2021,내원시 심정지 응급실 CPR 미시행 사망,응급진료결과 현황
인천,29,2022,내원시 심정지 응급실 CPR 미시행 사망,응급진료결과 현황
인천,11,2023,내원시 심정지 응급실 CPR 미시행 사망,응급진료결과 현황
인천,18,2024,내원시 심정지 응급실 CPR 미시행 사망,응급진료결과 현황
광주,25,2016,내원시 심정지 응급실 CPR 미시행 사망,응급진료결과 현황
광주,24,2017,내원시 심정지 응급실 CPR 미시행 사망,응급진료결과 현황
광주,20,2018,내원시 심정지 응급실 CPR 미시행 사망,응급진료결과 현황
광주,13,2019,내원시 심정지 응급실 CPR 미시행 사망,응급진료결과 현황
광주,6,2020,내원시 심정지 응급실 CPR 미시행 사망,응급진료결과 현황
광주,14,2021,내원시 심정지 응급실 CPR 미시행 사망,응급진료결과 현황
광주,12,2022,내원시 심정지 응급실 CPR 미시행 사망,응급진료결과 현황
광주,10,2023,내원시 심정지 응급실 CPR 미시행 사망,응급진료결과 현황
광주,13,2024,내원시 심정지 응급실 CPR 미시행 사망,응급진료결과 현황
대전,16,2016,내원시 심정지 응급실 CPR 미시행 사망,응급진료결과 현황
대전,15,2017,내원시 심정지 응급실 CPR 미시행 사망,응급진료결과 현황
대전,9,2018,내원시 심정지 응급실 CPR 미시행 사망,응급진료결과 현황
대전,10,2019,내원시 심정지 응급실 CPR 미시행 사망,응급진료결과 현황
대전,8,2020,내원시 심정지 응급실 CPR 미시행 사망,응급진료결과 현황
대전,9,2021,내원시 심정지 응급실 CPR 미시행 사망,응급진료결과 현황
대전,8,2022,내원시 심정지 응급실 CPR 미시행 사망,응급진료결과 현황
대전,15,2023,내원시 심정지 응급실 CPR 미시행 사망,응급진료결과 현황
대전,23,2024,내원시 심정지 응급실 CPR 미시행 사망,응급진료결과 현황
울산,4,2016,내원시 심정지 응급실 CPR 미시행 사망,응급진료결과 현황
울산,1,2017,내원시 심정지 응급실 CPR 미시행 사망,응급진료결과 현황
울산,4,2018,내원시 심정지 응급실 CPR 미시행 사망,응급진료결과 현황
울산,5,2019,내원시 심정지 응급실 CPR 미시행 사망,응급진료결과 현황
울산,2,2020,내원시 심정지 응급실 CPR 미시행 사망,응급진료결과 현황
울산,7,2021,내원시 심정지 응급실 CPR 미시행 사망,응급진료결과 현황
울산,3,2022,내원시 심정지 응급실 CPR 미시행 사망,응급진료결과 현황
울산,18,2023,내원시 심정지 응급실 CPR 미시행 사망,응급진료결과 현황
울산,15,2024,내원시 심정지 응급실 CPR 미시행 사망,응급진료결과 현황
세종,-,2020,내원시 심정지 응급실 CPR 미시행 사망,응급진료결과 현황
세종,1,2021,내원시 심정지 응급실 CPR 미시행 사망,응급진료결과 현황
세종,4,2022,내원시 심정지 응급실 CPR 미시행 사망,응급진료결과 현황
세종,1,2023,내원시 심정지 응급실 CPR 미시행 사망,응급진료결과 현황
세종,1,2024,내원시 심정지 응급실 CPR 미시행 사망,응급진료결과 현황
경기,382,2016,내원시 심정지 응급실 CPR 미시행 사망,응급진료결과 현황
경기,253,2017,내원시 심정지 응급실 CPR 미시행 사망,응급진료결과 현황
경기,214,2018,내원시 심정지 응급실 CPR 미시행 사망,응급진료결과 현황
경기,228,2019,내원시 심정지 응급실 CPR 미시행 사망,응급진료결과 현황
경기,304,2020,내원시 심정지 응급실 CPR 미시행 사망,응급진료결과 현황
경기,275,2021,내원시 심정지 응급실 CPR 미시행 사망,응급진료결과 현황
경기,258,2022,내원시 심정지 응급실 CPR 미시행 사망,응급진료결과 현황
경기,229,2023,내원시 심정지 응급실 CPR 미시행 사망,응급진료결과 현황
경기,272,2024,내원시 심정지 응급실 CPR 미시행 사망,응급진료결과 현황
강원,158,2016,내원시 심정지 응급실 CPR 미시행 사망,응급진료결과 현황
강원,126,2017,내원시 심정지 응급실 CPR 미시행 사망,응급진료결과 현황
강원,181,2018,내원시 심정지 응급실 CPR 미시행 사망,응급진료결과 현황
강원,178,2019,내원시 심정지 응급실 CPR 미시행 사망,응급진료결과 현황
강원,172,2020,내원시 심정지 응급실 CPR 미시행 사망,응급진료결과 현황
강원,169,2021,내원시 심정지 응급실 CPR 미시행 사망,응급진료결과 현황
강원,171,2022,내원시 심정지 응급실 CPR 미시행 사망,응급진료결과 현황
강원,144,2023,내원시 심정지 응급실 CPR 미시행 사망,응급진료결과 현황
강원,155,2024,내원시 심정지 응급실 CPR 미시행 사망,응급진료결과 현황
충북,145,2016,내원시 심정지 응급실 CPR 미시행 사망,응급진료결과 현황
충북,132,2017,내원시 심정지 응급실 CPR 미시행 사망,응급진료결과 현황
충북,95,2018,내원시 심정지 응급실 CPR 미시행 사망,응급진료결과 현황
충북,99,2019,내원시 심정지 응급실 CPR 미시행 사망,응급진료결과 현황
충북,92,2020,내원시 심정지 응급실 CPR 미시행 사망,응급진료결과 현황
충북,89,2021,내원시 심정지 응급실 CPR 미시행 사망,응급진료결과 현황
충북,74,2022,내원시 심정지 응급실 CPR 미시행 사망,응급진료결과 현황
충북,47,2023,내원시 심정지 응급실 CPR 미시행 사망,응급진료결과 현황
충북,26,2024,내원시 심정지 응급실 CPR 미시행 사망,응급진료결과 현황
충남,154,2016,내원시 심정지 응급실 CPR 미시행 사망,응급진료결과 현황
충남,118,2017,내원시 심정지 응급실 CPR 미시행 사망,응급진료결과 현황
충남,110,2018,내원시 심정지 응급실 CPR 미시행 사망,응급진료결과 현황
충남,74,2019,내원시 심정지 응급실 CPR 미시행 사망,응급진료결과 현황
충남,78,2020,내원시 심정지 응급실 CPR 미시행 사망,응급진료결과 현황
충남,64,2021,내원시 심정지 응급실 CPR 미시행 사망,응급진료결과 현황
충남,61,2022,내원시 심정지 응급실 CPR 미시행 사망,응급진료결과 현황
충남,40,2023,내원시 심정지 응급실 CPR 미시행 사망,응급진료결과 현황
충남,33,2024,내원시 심정지 응급실 CPR 미시행 사망,응급진료결과 현황
전북,48,2016,내원시 심정지 응급실 CPR 미시행 사망,응급진료결과 현황
전북,66,2017,내원시 심정지 응급실 CPR 미시행 사망,응급진료결과 현황
전북,36,2018,내원시 심정지 응급실 CPR 미시행 사망,응급진료결과 현황
전북,49,2019,내원시 심정지 응급실 CPR 미시행 사망,응급진료결과 현황
전북,57,2020,내원시 심정지 응급실 CPR 미시행 사망,응급진료결과 현황
전북,72,2021,내원시 심정지 응급실 CPR 미시행 사망,응급진료결과 현황
전북,61,2022,내원시 심정지 응급실 CPR 미시행 사망,응급진료결과 현황
전북,79,2023,내원시 심정지 응급실 CPR 미시행 사망,응급진료결과 현황
전북,123,2024,내원시 심정지 응급실 CPR 미시행 사망,응급진료결과 현황
전남,79,2016,내원시 심정지 응급실 CPR 미시행 사망,응급진료결과 현황
전남,90,2017,내원시 심정지 응급실 CPR 미시행 사망,응급진료결과 현황
전남,66,2018,내원시 심정지 응급실 CPR 미시행 사망,응급진료결과 현황
전남,76,2019,내원시 심정지 응급실 CPR 미시행 사망,응급진료결과 현황
전남,72,2020,내원시 심정지 응급실 CPR 미시행 사망,응급진료결과 현황
전남,63,2021,내원시 심정지 응급실 CPR 미시행 사망,응급진료결과 현황
전남,57,2022,내원시 심정지 응급실 CPR 미시행 사망,응급진료결과 현황
전남,50,2023,내원시 심정지 응급실 CPR 미시행 사망,응급진료결과 현황
전남,34,2024,내원시 심정지 응급실 CPR 미시행 사망,응급진료결과 현황
경북,60,2016,내원시 심정지 응급실 CPR 미시행 사망,응급진료결과 현황
경북,81,2017,내원시 심정지 응급실 CPR 미시행 사망,응급진료결과 현황
경북,112,2018,내원시 심정지 응급실 CPR 미시행 사망,응급진료결과 현황
경북,85,2019,내원시 심정지 응급실 CPR 미시행 사망,응급진료결과 현황
경북,105,2020,내원시 심정지 응급실 CPR 미시행 사망,응급진료결과 현황
경북,53,2021,내원시 심정지 응급실 CPR 미시행 사망,응급진료결과 현황
경북,50,2022,내원시 심정지 응급실 CPR 미시행 사망,응급진료결과 현황
경북,41,2023,내원시 심정지 응급실 CPR 미시행 사망,응급진료결과 현황
경북,28,2024,내원시 심정지 응급실 CPR 미시행 사망,응급진료결과 현황
경남,101,2016,내원시 심정지 응급실 CPR 미시행 사망,응급진료결과 현황
경남,68,2017,내원시 심정지 응급실 CPR 미시행 사망,응급진료결과 현황
경남,31,2018,내원시 심정지 응급실 CPR 미시행 사망,응급진료결과 현황
경남,34,2019,내원시 심정지 응급실 CPR 미시행 사망,응급진료결과 현황
경남,33,2020,내원시 심정지 응급실 CPR 미시행 사망,응급진료결과 현황
경남,35,2021,내원시 심정지 응급실 CPR 미시행 사망,응급진료결과 현황
경남,30,2022,내원시 심정지 응급실 CPR 미시행 사망,응급진료결과 현황
경남,37,2023,내원시 심정지 응급실 CPR 미시행 사망,응급진료결과 현황
경남,40,2024,내원시 심정지 응급실 CPR 미시행 사망,응급진료결과 현황
제주,59,2016,내원시 심정지 응급실 CPR 미시행 사망,응급진료결과 현황
제주,39,2017,내원시 심정지 응급실 CPR 미시행 사망,응급진료결과 현황
제주,19,2018,내원시 심정지 응급실 CPR 미시행 사망,응급진료결과 현황
제주,45,2019,내원시 심정지 응급실 CPR 미시행 사망,응급진료결과 현황
제주,42,2020,내원시 심정지 응급실 CPR 미시행 사망,응급진료결과 현황
제주,77,2021,내원시 심정지 응급실 CPR 미시행 사망,응급진료결과 현황
제주,65,2022,내원시 심정지 응급실 CPR 미시행 사망,응급진료결과 현황
제주,44,2023,내원시 심정지 응급실 CPR 미시행 사망,응급진료결과 현황
제주,36,2024,내원시 심정지 응급실 CPR 미시행 사망,응급진료결과 현황
전체,11377,2016,내원시 심정지 응급실 CPR 시행 후 사망,응급진료결과 현황
전체,12156,2017,내원시 심정지 응급실 CPR 시행 후 사망,응급진료결과 현황
전체,13595,2018,내원시 심정지 응급실 CPR 시행 후 사망,응급진료결과 현황
전체,14248,2019,내원시 심정지 응급실 CPR 시행 후 사망,응급진료결과 현황
전체,15600,2020,내원시 심정지 응급실 CPR 시행 후 사망,응급진료결과 현황
전체,16735,2021,내원시 심정지 응급실 CPR 시행 후 사망,응급진료결과 현황
전체,17380,2022,내원시 심정지 응급실 CPR 시행 후 사망,응급진료결과 현황
전체,17105,2023,내원시 심정지 응급실 CPR 시행 후 사망,응급진료결과 현황
전체,16779,2024,내원시 심정지 응급실 CPR 시행 후 사망,응급진료결과 현황
서울,2620,2016,내원시 심정지 응급실 CPR 시행 후 사망,응급진료결과 현황
서울,2721,2017,내원시 심정지 응급실 CPR 시행 후 사망,응급진료결과 현황
서울,2946,2018,내원시 심정지 응급실 CPR 시행 후 사망,응급진료결과 현황
서울,2760,2019,내원시 심정지 응급실 CPR 시행 후 사망,응급진료결과 현황
서울,3006,2020,내원시 심정지 응급실 CPR 시행 후 사망,응급진료결과 현황
서울,3301,2021,내원시 심정지 응급실 CPR 시행 후 사망,응급진료결과 현황
서울,3374,2022,내원시 심정지 응급실 CPR 시행 후 사망,응급진료결과 현황
서울,3068,2023,내원시 심정지 응급실 CPR 시행 후 사망,응급진료결과 현황
서울,3147,2024,내원시 심정지 응급실 CPR 시행 후 사망,응급진료결과 현황
부산,475,2016,내원시 심정지 응급실 CPR 시행 후 사망,응급진료결과 현황
부산,518,2017,내원시 심정지 응급실 CPR 시행 후 사망,응급진료결과 현황
부산,614,2018,내원시 심정지 응급실 CPR 시행 후 사망,응급진료결과 현황
부산,766,2019,내원시 심정지 응급실 CPR 시행 후 사망,응급진료결과 현황
부산,838,2020,내원시 심정지 응급실 CPR 시행 후 사망,응급진료결과 현황
부산,984,2021,내원시 심정지 응급실 CPR 시행 후 사망,응급진료결과 현황
부산,1079,2022,내원시 심정지 응급실 CPR 시행 후 사망,응급진료결과 현황
부산,929,2023,내원시 심정지 응급실 CPR 시행 후 사망,응급진료결과 현황
부산,907,2024,내원시 심정지 응급실 CPR 시행 후 사망,응급진료결과 현황
대구,872,2016,내원시 심정지 응급실 CPR 시행 후 사망,응급진료결과 현황
대구,918,2017,내원시 심정지 응급실 CPR 시행 후 사망,응급진료결과 현황
대구,1079,2018,내원시 심정지 응급실 CPR 시행 후 사망,응급진료결과 현황
대구,1033,2019,내원시 심정지 응급실 CPR 시행 후 사망,응급진료결과 현황
대구,1108,2020,내원시 심정지 응급실 CPR 시행 후 사망,응급진료결과 현황
대구,1028,2021,내원시 심정지 응급실 CPR 시행 후 사망,응급진료결과 현황
대구,1025,2022,내원시 심정지 응급실 CPR 시행 후 사망,응급진료결과 현황
대구,973,2023,내원시 심정지 응급실 CPR 시행 후 사망,응급진료결과 현황
대구,960,2024,내원시 심정지 응급실 CPR 시행 후 사망,응급진료결과 현황
인천,711,2016,내원시 심정지 응급실 CPR 시행 후 사망,응급진료결과 현황
인천,821,2017,내원시 심정지 응급실 CPR 시행 후 사망,응급진료결과 현황
인천,909,2018,내원시 심정지 응급실 CPR 시행 후 사망,응급진료결과 현황
인천,798,2019,내원시 심정지 응급실 CPR 시행 후 사망,응급진료결과 현황
인천,890,2020,내원시 심정지 응급실 CPR 시행 후 사망,응급진료결과 현황
인천,977,2021,내원시 심정지 응급실 CPR 시행 후 사망,응급진료결과 현황
인천,1017,2022,내원시 심정지 응급실 CPR 시행 후 사망,응급진료결과 현황
인천,984,2023,내원시 심정지 응급실 CPR 시행 후 사망,응급진료결과 현황
인천,921,2024,내원시 심정지 응급실 CPR 시행 후 사망,응급진료결과 현황
광주,257,2016,내원시 심정지 응급실 CPR 시행 후 사망,응급진료결과 현황
광주,290,2017,내원시 심정지 응급실 CPR 시행 후 사망,응급진료결과 현황
광주,256,2018,내원시 심정지 응급실 CPR 시행 후 사망,응급진료결과 현황
광주,281,2019,내원시 심정지 응급실 CPR 시행 후 사망,응급진료결과 현황
광주,279,2020,내원시 심정지 응급실 CPR 시행 후 사망,응급진료결과 현황
광주,283,2021,내원시 심정지 응급실 CPR 시행 후 사망,응급진료결과 현황
광주,225,2022,내원시 심정지 응급실 CPR 시행 후 사망,응급진료결과 현황
광주,250,2023,내원시 심정지 응급실 CPR 시행 후 사망,응급진료결과 현황
광주,225,2024,내원시 심정지 응급실 CPR 시행 후 사망,응급진료결과 현황
대전,405,2016,내원시 심정지 응급실 CPR 시행 후 사망,응급진료결과 현황
대전,371,2017,내원시 심정지 응급실 CPR 시행 후 사망,응급진료결과 현황
대전,451,2018,내원시 심정지 응급실 CPR 시행 후 사망,응급진료결과 현황
대전,469,2019,내원시 심정지 응급실 CPR 시행 후 사망,응급진료결과 현황
대전,462,2020,내원시 심정지 응급실 CPR 시행 후 사망,응급진료결과 현황
대전,547,2021,내원시 심정지 응급실 CPR 시행 후 사망,응급진료결과 현황
대전,545,2022,내원시 심정지 응급실 CPR 시행 후 사망,응급진료결과 현황
대전,533,2023,내원시 심정지 응급실 CPR 시행 후 사망,응급진료결과 현황
대전,501,2024,내원시 심정지 응급실 CPR 시행 후 사망,응급진료결과 현황
울산,119,2016,내원시 심정지 응급실 CPR 시행 후 사망,응급진료결과 현황
울산,119,2017,내원시 심정지 응급실 CPR 시행 후 사망,응급진료결과 현황
울산,192,2018,내원시 심정지 응급실 CPR 시행 후 사망,응급진료결과 현황
울산,206,2019,내원시 심정지 응급실 CPR 시행 후 사망,응급진료결과 현황
울산,215,2020,내원시 심정지 응급실 CPR 시행 후 사망,응급진료결과 현황
울산,265,2021,내원시 심정지 응급실 CPR 시행 후 사망,응급진료결과 현황
울산,219,2022,내원시 심정지 응급실 CPR 시행 후 사망,응급진료결과 현황
울산,417,2023,내원시 심정지 응급실 CPR 시행 후 사망,응급진료결과 현황
울산,410,2024,내원시 심정지 응급실 CPR 시행 후 사망,응급진료결과 현황
세종,21,2020,내원시 심정지 응급실 CPR 시행 후 사망,응급진료결과 현황
세종,84,2021,내원시 심정지 응급실 CPR 시행 후 사망,응급진료결과 현황
세종,82,2022,내원시 심정지 응급실 CPR 시행 후 사망,응급진료결과 현황
세종,82,2023,내원시 심정지 응급실 CPR 시행 후 사망,응급진료결과 현황
세종,63,2024,내원시 심정지 응급실 CPR 시행 후 사망,응급진료결과 현황
경기,2549,2016,내원시 심정지 응급실 CPR 시행 후 사망,응급진료결과 현황
경기,2628,2017,내원시 심정지 응급실 CPR 시행 후 사망,응급진료결과 현황
경기,2973,2018,내원시 심정지 응급실 CPR 시행 후 사망,응급진료결과 현황
경기,3535,2019,내원시 심정지 응급실 CPR 시행 후 사망,응급진료결과 현황
경기,3936,2020,내원시 심정지 응급실 CPR 시행 후 사망,응급진료결과 현황
경기,4207,2021,내원시 심정지 응급실 CPR 시행 후 사망,응급진료결과 현황
경기,4471,2022,내원시 심정지 응급실 CPR 시행 후 사망,응급진료결과 현황
경기,4778,2023,내원시 심정지 응급실 CPR 시행 후 사망,응급진료결과 현황
경기,4498,2024,내원시 심정지 응급실 CPR 시행 후 사망,응급진료결과 현황
강원,574,2016,내원시 심정지 응급실 CPR 시행 후 사망,응급진료결과 현황
강원,629,2017,내원시 심정지 응급실 CPR 시행 후 사망,응급진료결과 현황
강원,586,2018,내원시 심정지 응급실 CPR 시행 후 사망,응급진료결과 현황
강원,620,2019,내원시 심정지 응급실 CPR 시행 후 사망,응급진료결과 현황
강원,674,2020,내원시 심정지 응급실 CPR 시행 후 사망,응급진료결과 현황
강원,702,2021,내원시 심정지 응급실 CPR 시행 후 사망,응급진료결과 현황
강원,719,2022,내원시 심정지 응급실 CPR 시행 후 사망,응급진료결과 현황
강원,680,2023,내원시 심정지 응급실 CPR 시행 후 사망,응급진료결과 현황
강원,594,2024,내원시 심정지 응급실 CPR 시행 후 사망,응급진료결과 현황
충북,387,2016,내원시 심정지 응급실 CPR 시행 후 사망,응급진료결과 현황
충북,370,2017,내원시 심정지 응급실 CPR 시행 후 사망,응급진료결과 현황
충북,430,2018,내원시 심정지 응급실 CPR 시행 후 사망,응급진료결과 현황
충북,539,2019,내원시 심정지 응급실 CPR 시행 후 사망,응급진료결과 현황
충북,526,2020,내원시 심정지 응급실 CPR 시행 후 사망,응급진료결과 현황
충북,586,2021,내원시 심정지 응급실 CPR 시행 후 사망,응급진료결과 현황
충북,625,2022,내원시 심정지 응급실 CPR 시행 후 사망,응급진료결과 현황
충북,665,2023,내원시 심정지 응급실 CPR 시행 후 사망,응급진료결과 현황
충북,659,2024,내원시 심정지 응급실 CPR 시행 후 사망,응급진료결과 현황
충남,548,2016,내원시 심정지 응급실 CPR 시행 후 사망,응급진료결과 현황
충남,575,2017,내원시 심정지 응급실 CPR 시행 후 사망,응급진료결과 현황
충남,636,2018,내원시 심정지 응급실 CPR 시행 후 사망,응급진료결과 현황
충남,670,2019,내원시 심정지 응급실 CPR 시행 후 사망,응급진료결과 현황
충남,747,2020,내원시 심정지 응급실 CPR 시행 후 사망,응급진료결과 현황
충남,805,2021,내원시 심정지 응급실 CPR 시행 후 사망,응급진료결과 현황
충남,857,2022,내원시 심정지 응급실 CPR 시행 후 사망,응급진료결과 현황
충남,800,2023,내원시 심정지 응급실 CPR 시행 후 사망,응급진료결과 현황
충남,776,2024,내원시 심정지 응급실 CPR 시행 후 사망,응급진료결과 현황
전북,420,2016,내원시 심정지 응급실 CPR 시행 후 사망,응급진료결과 현황
전북,487,2017,내원시 심정지 응급실 CPR 시행 후 사망,응급진료결과 현황
전북,451,2018,내원시 심정지 응급실 CPR 시행 후 사망,응급진료결과 현황
전북,532,2019,내원시 심정지 응급실 CPR 시행 후 사망,응급진료결과 현황
전북,598,2020,내원시 심정지 응급실 CPR 시행 후 사망,응급진료결과 현황
전북,687,2021,내원시 심정지 응급실 CPR 시행 후 사망,응급진료결과 현황
전북,738,2022,내원시 심정지 응급실 CPR 시행 후 사망,응급진료결과 현황
전북,683,2023,내원시 심정지 응급실 CPR 시행 후 사망,응급진료결과 현황
전북,673,2024,내원시 심정지 응급실 CPR 시행 후 사망,응급진료결과 현황
전남,217,2016,내원시 심정지 응급실 CPR 시행 후 사망,응급진료결과 현황
전남,270,2017,내원시 심정지 응급실 CPR 시행 후 사망,응급진료결과 현황
전남,313,2018,내원시 심정지 응급실 CPR 시행 후 사망,응급진료결과 현황
전남,326,2019,내원시 심정지 응급실 CPR 시행 후 사망,응급진료결과 현황
전남,368,2020,내원시 심정지 응급실 CPR 시행 후 사망,응급진료결과 현황
전남,361,2021,내원시 심정지 응급실 CPR 시행 후 사망,응급진료결과 현황
전남,340,2022,내원시 심정지 응급실 CPR 시행 후 사망,응급진료결과 현황
전남,318,2023,내원시 심정지 응급실 CPR 시행 후 사망,응급진료결과 현황
전남,350,2024,내원시 심정지 응급실 CPR 시행 후 사망,응급진료결과 현황
경북,468,2016,내원시 심정지 응급실 CPR 시행 후 사망,응급진료결과 현황
경북,578,2017,내원시 심정지 응급실 CPR 시행 후 사망,응급진료결과 현황
경북,691,2018,내원시 심정지 응급실 CPR 시행 후 사망,응급진료결과 현황
경북,665,2019,내원시 심정지 응급실 CPR 시행 후 사망,응급진료결과 현황
경북,740,2020,내원시 심정지 응급실 CPR 시행 후 사망,응급진료결과 현황
경북,778,2021,내원시 심정지 응급실 CPR 시행 후 사망,응급진료결과 현황
경북,848,2022,내원시 심정지 응급실 CPR 시행 후 사망,응급진료결과 현황
경북,773,2023,내원시 심정지 응급실 CPR 시행 후 사망,응급진료결과 현황
경북,743,2024,내원시 심정지 응급실 CPR 시행 후 사망,응급진료결과 현황
경남,511,2016,내원시 심정지 응급실 CPR 시행 후 사망,응급진료결과 현황
경남,552,2017,내원시 심정지 응급실 CPR 시행 후 사망,응급진료결과 현황
경남,723,2018,내원시 심정지 응급실 CPR 시행 후 사망,응급진료결과 현황
경남,728,2019,내원시 심정지 응급실 CPR 시행 후 사망,응급진료결과 현황
경남,804,2020,내원시 심정지 응급실 CPR 시행 후 사망,응급진료결과 현황
경남,809,2021,내원시 심정지 응급실 CPR 시행 후 사망,응급진료결과 현황
경남,909,2022,내원시 심정지 응급실 CPR 시행 후 사망,응급진료결과 현황
경남,880,2023,내원시 심정지 응급실 CPR 시행 후 사망,응급진료결과 현황
경남,1023,2024,내원시 심정지 응급실 CPR 시행 후 사망,응급진료결과 현황
제주,244,2016,내원시 심정지 응급실 CPR 시행 후 사망,응급진료결과 현황
제주,309,2017,내원시 심정지 응급실 CPR 시행 후 사망,응급진료결과 현황
제주,345,2018,내원시 심정지 응급실 CPR 시행 후 사망,응급진료결과 현황
제주,320,2019,내원시 심정지 응급실 CPR 시행 후 사망,응급진료결과 현황
제주,388,2020,내원시 심정지 응급실 CPR 시행 후 사망,응급진료결과 현황
제주,331,2021,내원시 심정지 응급실 CPR 시행 후 사망,응급진료결과 현황
제주,307,2022,내원시 심정지 응급실 CPR 시행 후 사망,응급진료결과 현황
제주,292,2023,내원시 심정지 응급실 CPR 시행 후 사망,응급진료결과 현황
제주,329,2024,내원시 심정지 응급실 CPR 시행 후 사망,응급진료결과 현황
전체,3560,2016,내원시 생존 CPR 시행 후 사망,응급진료결과 현황
전체,3443,2017,내원시 생존 CPR 시행 후 사망,응급진료결과 현황
전체,3779,2018,내원시 생존 CPR 시행 후 사망,응급진료결과 현황
전체,3538,2019,내원시 생존 CPR 시행 후 사망,응급진료결과 현황
전체,3647,2020,내원시 생존 CPR 시행 후 사망,응급진료결과 현황
전체,3865,2021,내원시 생존 CPR 시행 후 사망,응급진료결과 현황
전체,3891,2022,내원시 생존 CPR 시행 후 사망,응급진료결과 현황
전체,3303,2023,내원시 생존 CPR 시행 후 사망,응급진료결과 현황
전체,2715,2024,내원시 생존 CPR 시행 후 사망,응급진료결과 현황
서울,581,2016,내원시 생존 CPR 시행 후 사망,응급진료결과 현황
서울,658,2017,내원시 생존 CPR 시행 후 사망,응급진료결과 현황
서울,642,2018,내원시 생존 CPR 시행 후 사망,응급진료결과 현황
서울,603,2019,내원시 생존 CPR 시행 후 사망,응급진료결과 현황
서울,649,2020,내원시 생존 CPR 시행 후 사망,응급진료결과 현황
서울,720,2021,내원시 생존 CPR 시행 후 사망,응급진료결과 현황
서울,631,2022,내원시 생존 CPR 시행 후 사망,응급진료결과 현황
서울,583,2023,내원시 생존 CPR 시행 후 사망,응급진료결과 현황
서울,443,2024,내원시 생존 CPR 시행 후 사망,응급진료결과 현황
부산,305,2016,내원시 생존 CPR 시행 후 사망,응급진료결과 현황
부산,232,2017,내원시 생존 CPR 시행 후 사망,응급진료결과 현황
부산,256,2018,내원시 생존 CPR 시행 후 사망,응급진료결과 현황
부산,209,2019,내원시 생존 CPR 시행 후 사망,응급진료결과 현황
부산,192,2020,내원시 생존 CPR 시행 후 사망,응급진료결과 현황
부산,252,2021,내원시 생존 CPR 시행 후 사망,응급진료결과 현황
부산,236,2022,내원시 생존 CPR 시행 후 사망,응급진료결과 현황
부산,183,2023,내원시 생존 CPR 시행 후 사망,응급진료결과 현황
부산,118,2024,내원시 생존 CPR 시행 후 사망,응급진료결과 현황
대구,472,2016,내원시 생존 CPR 시행 후 사망,응급진료결과 현황
대구,403,2017,내원시 생존 CPR 시행 후 사망,응급진료결과 현황
대구,421,2018,내원시 생존 CPR 시행 후 사망,응급진료결과 현황
대구,365,2019,내원시 생존 CPR 시행 후 사망,응급진료결과 현황
대구,409,2020,내원시 생존 CPR 시행 후 사망,응급진료결과 현황
대구,340,2021,내원시 생존 CPR 시행 후 사망,응급진료결과 현황
대구,404,2022,내원시 생존 CPR 시행 후 사망,응급진료결과 현황
대구,348,2023,내원시 생존 CPR 시행 후 사망,응급진료결과 현황
대구,254,2024,내원시 생존 CPR 시행 후 사망,응급진료결과 현황
인천,153,2016,내원시 생존 CPR 시행 후 사망,응급진료결과 현황
인천,171,2017,내원시 생존 CPR 시행 후 사망,응급진료결과 현황
인천,184,2018,내원시 생존 CPR 시행 후 사망,응급진료결과 현황
인천,162,2019,내원시 생존 CPR 시행 후 사망,응급진료결과 현황
인천,181,2020,내원시 생존 CPR 시행 후 사망,응급진료결과 현황
인천,220,2021,내원시 생존 CPR 시행 후 사망,응급진료결과 현황
인천,218,2022,내원시 생존 CPR 시행 후 사망,응급진료결과 현황
인천,151,2023,내원시 생존 CPR 시행 후 사망,응급진료결과 현황
인천,144,2024,내원시 생존 CPR 시행 후 사망,응급진료결과 현황
광주,206,2016,내원시 생존 CPR 시행 후 사망,응급진료결과 현황
광주,181,2017,내원시 생존 CPR 시행 후 사망,응급진료결과 현황
광주,186,2018,내원시 생존 CPR 시행 후 사망,응급진료결과 현황
광주,185,2019,내원시 생존 CPR 시행 후 사망,응급진료결과 현황
광주,174,2020,내원시 생존 CPR 시행 후 사망,응급진료결과 현황
광주,154,2021,내원시 생존 CPR 시행 후 사망,응급진료결과 현황
광주,176,2022,내원시 생존 CPR 시행 후 사망,응급진료결과 현황
광주,156,2023,내원시 생존 CPR 시행 후 사망,응급진료결과 현황
광주,126,2024,내원시 생존 CPR 시행 후 사망,응급진료결과 현황
대전,107,2016,내원시 생존 CPR 시행 후 사망,응급진료결과 현황
대전,100,2017,내원시 생존 CPR 시행 후 사망,응급진료결과 현황
대전,124,2018,내원시 생존 CPR 시행 후 사망,응급진료결과 현황
대전,110,2019,내원시 생존 CPR 시행 후 사망,응급진료결과 현황
대전,128,2020,내원시 생존 CPR 시행 후 사망,응급진료결과 현황
대전,113,2021,내원시 생존 CPR 시행 후 사망,응급진료결과 현황
대전,131,2022,내원시 생존 CPR 시행 후 사망,응급진료결과 현황
대전,103,2023,내원시 생존 CPR 시행 후 사망,응급진료결과 현황
대전,75,2024,내원시 생존 CPR 시행 후 사망,응급진료결과 현황
울산,64,2016,내원시 생존 CPR 시행 후 사망,응급진료결과 현황
울산,55,2017,내원시 생존 CPR 시행 후 사망,응급진료결과 현황
울산,38,2018,내원시 생존 CPR 시행 후 사망,응급진료결과 현황
울산,48,2019,내원시 생존 CPR 시행 후 사망,응급진료결과 현황
울산,55,2020,내원시 생존 CPR 시행 후 사망,응급진료결과 현황
울산,51,2021,내원시 생존 CPR 시행 후 사망,응급진료결과 현황
울산,49,2022,내원시 생존 CPR 시행 후 사망,응급진료결과 현황
울산,39,2023,내원시 생존 CPR 시행 후 사망,응급진료결과 현황
울산,60,2024,내원시 생존 CPR 시행 후 사망,응급진료결과 현황
세종,2,2020,내원시 생존 CPR 시행 후 사망,응급진료결과 현황
세종,8,2021,내원시 생존 CPR 시행 후 사망,응급진료결과 현황
세종,4,2022,내원시 생존 CPR 시행 후 사망,응급진료결과 현황
세종,5,2023,내원시 생존 CPR 시행 후 사망,응급진료결과 현황
세종,9,2024,내원시 생존 CPR 시행 후 사망,응급진료결과 현황
경기,548,2016,내원시 생존 CPR 시행 후 사망,응급진료결과 현황
경기,576,2017,내원시 생존 CPR 시행 후 사망,응급진료결과 현황
경기,767,2018,내원시 생존 CPR 시행 후 사망,응급진료결과 현황
경기,759,2019,내원시 생존 CPR 시행 후 사망,응급진료결과 현황
경기,763,2020,내원시 생존 CPR 시행 후 사망,응급진료결과 현황
경기,746,2021,내원시 생존 CPR 시행 후 사망,응급진료결과 현황
경기,706,2022,내원시 생존 CPR 시행 후 사망,응급진료결과 현황
경기,610,2023,내원시 생존 CPR 시행 후 사망,응급진료결과 현황
경기,544,2024,내원시 생존 CPR 시행 후 사망,응급진료결과 현황
강원,104,2016,내원시 생존 CPR 시행 후 사망,응급진료결과 현황
강원,111,2017,내원시 생존 CPR 시행 후 사망,응급진료결과 현황
강원,128,2018,내원시 생존 CPR 시행 후 사망,응급진료결과 현황
강원,126,2019,내원시 생존 CPR 시행 후 사망,응급진료결과 현황
강원,105,2020,내원시 생존 CPR 시행 후 사망,응급진료결과 현황
강원,134,2021,내원시 생존 CPR 시행 후 사망,응급진료결과 현황
강원,180,2022,내원시 생존 CPR 시행 후 사망,응급진료결과 현황
강원,149,2023,내원시 생존 CPR 시행 후 사망,응급진료결과 현황
강원,87,2024,내원시 생존 CPR 시행 후 사망,응급진료결과 현황
충북,64,2016,내원시 생존 CPR 시행 후 사망,응급진료결과 현황
충북,72,2017,내원시 생존 CPR 시행 후 사망,응급진료결과 현황
충북,74,2018,내원시 생존 CPR 시행 후 사망,응급진료결과 현황
충북,71,2019,내원시 생존 CPR 시행 후 사망,응급진료결과 현황
충북,88,2020,내원시 생존 CPR 시행 후 사망,응급진료결과 현황
충북,104,2021,내원시 생존 CPR 시행 후 사망,응급진료결과 현황
충북,100,2022,내원시 생존 CPR 시행 후 사망,응급진료결과 현황
충북,88,2023,내원시 생존 CPR 시행 후 사망,응급진료결과 현황
충북,99,2024,내원시 생존 CPR 시행 후 사망,응급진료결과 현황
충남,131,2016,내원시 생존 CPR 시행 후 사망,응급진료결과 현황
충남,141,2017,내원시 생존 CPR 시행 후 사망,응급진료결과 현황
충남,149,2018,내원시 생존 CPR 시행 후 사망,응급진료결과 현황
충남,94,2019,내원시 생존 CPR 시행 후 사망,응급진료결과 현황
충남,138,2020,내원시 생존 CPR 시행 후 사망,응급진료결과 현황
충남,146,2021,내원시 생존 CPR 시행 후 사망,응급진료결과 현황
충남,152,2022,내원시 생존 CPR 시행 후 사망,응급진료결과 현황
충남,124,2023,내원시 생존 CPR 시행 후 사망,응급진료결과 현황
충남,103,2024,내원시 생존 CPR 시행 후 사망,응급진료결과 현황
전북,299,2016,내원시 생존 CPR 시행 후 사망,응급진료결과 현황
전북,276,2017,내원시 생존 CPR 시행 후 사망,응급진료결과 현황
전북,290,2018,내원시 생존 CPR 시행 후 사망,응급진료결과 현황
전북,288,2019,내원시 생존 CPR 시행 후 사망,응급진료결과 현황
전북,225,2020,내원시 생존 CPR 시행 후 사망,응급진료결과 현황
전북,259,2021,내원시 생존 CPR 시행 후 사망,응급진료결과 현황
전북,280,2022,내원시 생존 CPR 시행 후 사망,응급진료결과 현황
전북,219,2023,내원시 생존 CPR 시행 후 사망,응급진료결과 현황
전북,209,2024,내원시 생존 CPR 시행 후 사망,응급진료결과 현황
전남,67,2016,내원시 생존 CPR 시행 후 사망,응급진료결과 현황
전남,88,2017,내원시 생존 CPR 시행 후 사망,응급진료결과 현황
전남,71,2018,내원시 생존 CPR 시행 후 사망,응급진료결과 현황
전남,83,2019,내원시 생존 CPR 시행 후 사망,응급진료결과 현황
전남,83,2020,내원시 생존 CPR 시행 후 사망,응급진료결과 현황
전남,85,2021,내원시 생존 CPR 시행 후 사망,응급진료결과 현황
전남,108,2022,내원시 생존 CPR 시행 후 사망,응급진료결과 현황
전남,83,2023,내원시 생존 CPR 시행 후 사망,응급진료결과 현황
전남,79,2024,내원시 생존 CPR 시행 후 사망,응급진료결과 현황
경북,190,2016,내원시 생존 CPR 시행 후 사망,응급진료결과 현황
경북,112,2017,내원시 생존 CPR 시행 후 사망,응급진료결과 현황
경북,119,2018,내원시 생존 CPR 시행 후 사망,응급진료결과 현황
경북,137,2019,내원시 생존 CPR 시행 후 사망,응급진료결과 현황
경북,172,2020,내원시 생존 CPR 시행 후 사망,응급진료결과 현황
경북,173,2021,내원시 생존 CPR 시행 후 사망,응급진료결과 현황
경북,167,2022,내원시 생존 CPR 시행 후 사망,응급진료결과 현황
경북,159,2023,내원시 생존 CPR 시행 후 사망,응급진료결과 현황
경북,112,2024,내원시 생존 CPR 시행 후 사망,응급진료결과 현황
경남,214,2016,내원시 생존 CPR 시행 후 사망,응급진료결과 현황
경남,222,2017,내원시 생존 CPR 시행 후 사망,응급진료결과 현황
경남,279,2018,내원시 생존 CPR 시행 후 사망,응급진료결과 현황
경남,248,2019,내원시 생존 CPR 시행 후 사망,응급진료결과 현황
경남,240,2020,내원시 생존 CPR 시행 후 사망,응급진료결과 현황
경남,286,2021,내원시 생존 CPR 시행 후 사망,응급진료결과 현황
경남,289,2022,내원시 생존 CPR 시행 후 사망,응급진료결과 현황
경남,243,2023,내원시 생존 CPR 시행 후 사망,응급진료결과 현황
경남,187,2024,내원시 생존 CPR 시행 후 사망,응급진료결과 현황
제주,55,2016,내원시 생존 CPR 시행 후 사망,응급진료결과 현황
제주,45,2017,내원시 생존 CPR 시행 후 사망,응급진료결과 현황
제주,51,2018,내원시 생존 CPR 시행 후 사망,응급진료결과 현황
제주,50,2019,내원시 생존 CPR 시행 후 사망,응급진료결과 현황
제주,43,2020,내원시 생존 CPR 시행 후 사망,응급진료결과 현황
제주,74,2021,내원시 생존 CPR 시행 후 사망,응급진료결과 현황
제주,60,2022,내원시 생존 CPR 시행 후 사망,응급진료결과 현황
제주,60,2023,내원시 생존 CPR 시행 후 사망,응급진료결과 현황
제주,66,2024,내원시 생존 CPR 시행 후 사망,응급진료결과 현황
전체,3283,2016,내원시 생존 CPR 미시행 사망,응급진료결과 현황
전체,3384,2017,내원시 생존 CPR 미시행 사망,응급진료결과 현황
전체,3509,2018,내원시 생존 CPR 미시행 사망,응급진료결과 현황
전체,3695,2019,내원시 생존 CPR 미시행 사망,응급진료결과 현황
전체,4360,2020,내원시 생존 CPR 미시행 사망,응급진료결과 현황
전체,4967,2021,내원시 생존 CPR 미시행 사망,응급진료결과 현황
전체,5990,2022,내원시 생존 CPR 미시행 사망,응급진료결과 현황
전체,4693,2023,내원시 생존 CPR 미시행 사망,응급진료결과 현황
전체,3713,2024,내원시 생존 CPR 미시행 사망,응급진료결과 현황
서울,573,2016,내원시 생존 CPR 미시행 사망,응급진료결과 현황
서울,604,2017,내원시 생존 CPR 미시행 사망,응급진료결과 현황
서울,657,2018,내원시 생존 CPR 미시행 사망,응급진료결과 현황
서울,716,2019,내원시 생존 CPR 미시행 사망,응급진료결과 현황
서울,888,2020,내원시 생존 CPR 미시행 사망,응급진료결과 현황
서울,1029,2021,내원시 생존 CPR 미시행 사망,응급진료결과 현황
서울,1296,2022,내원시 생존 CPR 미시행 사망,응급진료결과 현황
서울,956,2023,내원시 생존 CPR 미시행 사망,응급진료결과 현황
서울,780,2024,내원시 생존 CPR 미시행 사망,응급진료결과 현황
부산,276,2016,내원시 생존 CPR 미시행 사망,응급진료결과 현황
부산,251,2017,내원시 생존 CPR 미시행 사망,응급진료결과 현황
부산,369,2018,내원시 생존 CPR 미시행 사망,응급진료결과 현황
부산,323,2019,내원시 생존 CPR 미시행 사망,응급진료결과 현황
부산,302,2020,내원시 생존 CPR 미시행 사망,응급진료결과 현황
부산,321,2021,내원시 생존 CPR 미시행 사망,응급진료결과 현황
부산,418,2022,내원시 생존 CPR 미시행 사망,응급진료결과 현황
부산,333,2023,내원시 생존 CPR 미시행 사망,응급진료결과 현황
부산,161,2024,내원시 생존 CPR 미시행 사망,응급진료결과 현황
대구,453,2016,내원시 생존 CPR 미시행 사망,응급진료결과 현황
대구,449,2017,내원시 생존 CPR 미시행 사망,응급진료결과 현황
대구,515,2018,내원시 생존 CPR 미시행 사망,응급진료결과 현황
대구,546,2019,내원시 생존 CPR 미시행 사망,응급진료결과 현황
대구,670,2020,내원시 생존 CPR 미시행 사망,응급진료결과 현황
대구,647,2021,내원시 생존 CPR 미시행 사망,응급진료결과 현황
대구,762,2022,내원시 생존 CPR 미시행 사망,응급진료결과 현황
대구,665,2023,내원시 생존 CPR 미시행 사망,응급진료결과 현황
대구,397,2024,내원시 생존 CPR 미시행 사망,응급진료결과 현황
인천,113,2016,내원시 생존 CPR 미시행 사망,응급진료결과 현황
인천,115,2017,내원시 생존 CPR 미시행 사망,응급진료결과 현황
인천,102,2018,내원시 생존 CPR 미시행 사망,응급진료결과 현황
인천,115,2019,내원시 생존 CPR 미시행 사망,응급진료결과 현황
인천,158,2020,내원시 생존 CPR 미시행 사망,응급진료결과 현황
인천,206,2021,내원시 생존 CPR 미시행 사망,응급진료결과 현황
인천,233,2022,내원시 생존 CPR 미시행 사망,응급진료결과 현황
인천,162,2023,내원시 생존 CPR 미시행 사망,응급진료결과 현황
인천,226,2024,내원시 생존 CPR 미시행 사망,응급진료결과 현황
광주,222,2016,내원시 생존 CPR 미시행 사망,응급진료결과 현황
광주,289,2017,내원시 생존 CPR 미시행 사망,응급진료결과 현황
광주,295,2018,내원시 생존 CPR 미시행 사망,응급진료결과 현황
광주,266,2019,내원시 생존 CPR 미시행 사망,응급진료결과 현황
광주,233,2020,내원시 생존 CPR 미시행 사망,응급진료결과 현황
광주,178,2021,내원시 생존 CPR 미시행 사망,응급진료결과 현황
광주,221,2022,내원시 생존 CPR 미시행 사망,응급진료결과 현황
광주,235,2023,내원시 생존 CPR 미시행 사망,응급진료결과 현황
광주,125,2024,내원시 생존 CPR 미시행 사망,응급진료결과 현황
대전,50,2016,내원시 생존 CPR 미시행 사망,응급진료결과 현황
대전,71,2017,내원시 생존 CPR 미시행 사망,응급진료결과 현황
대전,73,2018,내원시 생존 CPR 미시행 사망,응급진료결과 현황
대전,103,2019,내원시 생존 CPR 미시행 사망,응급진료결과 현황
대전,161,2020,내원시 생존 CPR 미시행 사망,응급진료결과 현황
대전,152,2021,내원시 생존 CPR 미시행 사망,응급진료결과 현황
대전,190,2022,내원시 생존 CPR 미시행 사망,응급진료결과 현황
대전,154,2023,내원시 생존 CPR 미시행 사망,응급진료결과 현황
대전,116,2024,내원시 생존 CPR 미시행 사망,응급진료결과 현황
울산,51,2016,내원시 생존 CPR 미시행 사망,응급진료결과 현황
울산,44,2017,내원시 생존 CPR 미시행 사망,응급진료결과 현황
울산,44,2018,내원시 생존 CPR 미시행 사망,응급진료결과 현황
울산,38,2019,내원시 생존 CPR 미시행 사망,응급진료결과 현황
울산,47,2020,내원시 생존 CPR 미시행 사망,응급진료결과 현황
울산,59,2021,내원시 생존 CPR 미시행 사망,응급진료결과 현황
울산,62,2022,내원시 생존 CPR 미시행 사망,응급진료결과 현황
울산,48,2023,내원시 생존 CPR 미시행 사망,응급진료결과 현황
울산,37,2024,내원시 생존 CPR 미시행 사망,응급진료결과 현황
세종,2,2020,내원시 생존 CPR 미시행 사망,응급진료결과 현황
세종,5,2021,내원시 생존 CPR 미시행 사망,응급진료결과 현황
세종,15,2022,내원시 생존 CPR 미시행 사망,응급진료결과 현황
세종,16,2023,내원시 생존 CPR 미시행 사망,응급진료결과 현황
세종,8,2024,내원시 생존 CPR 미시행 사망,응급진료결과 현황
경기,568,2016,내원시 생존 CPR 미시행 사망,응급진료결과 현황
경기,552,2017,내원시 생존 CPR 미시행 사망,응급진료결과 현황
경기,546,2018,내원시 생존 CPR 미시행 사망,응급진료결과 현황
경기,565,2019,내원시 생존 CPR 미시행 사망,응급진료결과 현황
경기,669,2020,내원시 생존 CPR 미시행 사망,응급진료결과 현황
경기,875,2021,내원시 생존 CPR 미시행 사망,응급진료결과 현황
경기,914,2022,내원시 생존 CPR 미시행 사망,응급진료결과 현황
경기,727,2023,내원시 생존 CPR 미시행 사망,응급진료결과 현황
경기,688,2024,내원시 생존 CPR 미시행 사망,응급진료결과 현황
강원,78,2016,내원시 생존 CPR 미시행 사망,응급진료결과 현황
강원,87,2017,내원시 생존 CPR 미시행 사망,응급진료결과 현황
강원,126,2018,내원시 생존 CPR 미시행 사망,응급진료결과 현황
강원,115,2019,내원시 생존 CPR 미시행 사망,응급진료결과 현황
강원,109,2020,내원시 생존 CPR 미시행 사망,응급진료결과 현황
강원,185,2021,내원시 생존 CPR 미시행 사망,응급진료결과 현황
강원,283,2022,내원시 생존 CPR 미시행 사망,응급진료결과 현황
강원,190,2023,내원시 생존 CPR 미시행 사망,응급진료결과 현황
강원,143,2024,내원시 생존 CPR 미시행 사망,응급진료결과 현황
충북,48,2016,내원시 생존 CPR 미시행 사망,응급진료결과 현황
충북,43,2017,내원시 생존 CPR 미시행 사망,응급진료결과 현황
충북,36,2018,내원시 생존 CPR 미시행 사망,응급진료결과 현황
충북,64,2019,내원시 생존 CPR 미시행 사망,응급진료결과 현황
충북,99,2020,내원시 생존 CPR 미시행 사망,응급진료결과 현황
충북,110,2021,내원시 생존 CPR 미시행 사망,응급진료결과 현황
충북,145,2022,내원시 생존 CPR 미시행 사망,응급진료결과 현황
충북,120,2023,내원시 생존 CPR 미시행 사망,응급진료결과 현황
충북,88,2024,내원시 생존 CPR 미시행 사망,응급진료결과 현황
충남,92,2016,내원시 생존 CPR 미시행 사망,응급진료결과 현황
충남,106,2017,내원시 생존 CPR 미시행 사망,응급진료결과 현황
충남,81,2018,내원시 생존 CPR 미시행 사망,응급진료결과 현황
충남,90,2019,내원시 생존 CPR 미시행 사망,응급진료결과 현황
충남,144,2020,내원시 생존 CPR 미시행 사망,응급진료결과 현황
충남,170,2021,내원시 생존 CPR 미시행 사망,응급진료결과 현황
충남,209,2022,내원시 생존 CPR 미시행 사망,응급진료결과 현황
충남,121,2023,내원시 생존 CPR 미시행 사망,응급진료결과 현황
충남,126,2024,내원시 생존 CPR 미시행 사망,응급진료결과 현황
전북,308,2016,내원시 생존 CPR 미시행 사망,응급진료결과 현황
전북,334,2017,내원시 생존 CPR 미시행 사망,응급진료결과 현황
전북,211,2018,내원시 생존 CPR 미시행 사망,응급진료결과 현황
전북,209,2019,내원시 생존 CPR 미시행 사망,응급진료결과 현황
전북,207,2020,내원시 생존 CPR 미시행 사망,응급진료결과 현황
전북,280,2021,내원시 생존 CPR 미시행 사망,응급진료결과 현황
전북,324,2022,내원시 생존 CPR 미시행 사망,응급진료결과 현황
전북,264,2023,내원시 생존 CPR 미시행 사망,응급진료결과 현황
전북,264,2024,내원시 생존 CPR 미시행 사망,응급진료결과 현황
전남,55,2016,내원시 생존 CPR 미시행 사망,응급진료결과 현황
전남,85,2017,내원시 생존 CPR 미시행 사망,응급진료결과 현황
전남,90,2018,내원시 생존 CPR 미시행 사망,응급진료결과 현황
전남,90,2019,내원시 생존 CPR 미시행 사망,응급진료결과 현황
전남,102,2020,내원시 생존 CPR 미시행 사망,응급진료결과 현황
전남,96,2021,내원시 생존 CPR 미시행 사망,응급진료결과 현황
전남,147,2022,내원시 생존 CPR 미시행 사망,응급진료결과 현황
전남,93,2023,내원시 생존 CPR 미시행 사망,응급진료결과 현황
전남,85,2024,내원시 생존 CPR 미시행 사망,응급진료결과 현황
경북,102,2016,내원시 생존 CPR 미시행 사망,응급진료결과 현황
경북,69,2017,내원시 생존 CPR 미시행 사망,응급진료결과 현황
경북,59,2018,내원시 생존 CPR 미시행 사망,응급진료결과 현황
경북,81,2019,내원시 생존 CPR 미시행 사망,응급진료결과 현황
경북,141,2020,내원시 생존 CPR 미시행 사망,응급진료결과 현황
경북,139,2021,내원시 생존 CPR 미시행 사망,응급진료결과 현황
경북,175,2022,내원시 생존 CPR 미시행 사망,응급진료결과 현황
경북,124,2023,내원시 생존 CPR 미시행 사망,응급진료결과 현황
경북,111,2024,내원시 생존 CPR 미시행 사망,응급진료결과 현황
경남,262,2016,내원시 생존 CPR 미시행 사망,응급진료결과 현황
경남,248,2017,내원시 생존 CPR 미시행 사망,응급진료결과 현황
경남,261,2018,내원시 생존 CPR 미시행 사망,응급진료결과 현황
경남,330,2019,내원시 생존 CPR 미시행 사망,응급진료결과 현황
경남,390,2020,내원시 생존 CPR 미시행 사망,응급진료결과 현황
경남,444,2021,내원시 생존 CPR 미시행 사망,응급진료결과 현황
경남,493,2022,내원시 생존 CPR 미시행 사망,응급진료결과 현황
경남,417,2023,내원시 생존 CPR 미시행 사망,응급진료결과 현황
경남,289,2024,내원시 생존 CPR 미시행 사망,응급진료결과 현황
제주,32,2016,내원시 생존 CPR 미시행 사망,응급진료결과 현황
제주,37,2017,내원시 생존 CPR 미시행 사망,응급진료결과 현황
제주,44,2018,내원시 생존 CPR 미시행 사망,응급진료결과 현황
제주,44,2019,내원시 생존 CPR 미시행 사망,응급진료결과 현황
제주,38,2020,내원시 생존 CPR 미시행 사망,응급진료결과 현황
제주,71,2021,내원시 생존 CPR 미시행 사망,응급진료결과 현황
제주,103,2022,내원시 생존 CPR 미시행 사망,응급진료결과 현황
제주,68,2023,내원시 생존 CPR 미시행 사망,응급진료결과 현황
제주,69,2024,내원시 생존 CPR 미시행 사망,응급진료결과 현황
전체,429,2016,기타,응급진료결과 현황
전체,409,2017,기타,응급진료결과 현황
전체,203,2018,기타,응급진료결과 현황
전체,141,2019,기타,응급진료결과 현황
전체,73,2020,기타,응급진료결과 현황
전체,74,2021,기타,응급진료결과 현황
전체,38,2022,기타,응급진료결과 현황
전체,25,2023,기타,응급진료결과 현황
전체,11,2024,기타,응급진료결과 현황
서울,20,2016,기타,응급진료결과 현황
서울,35,2017,기타,응급진료결과 현황
서울,38,2018,기타,응급진료결과 현황
서울,60,2019,기타,응급진료결과 현황
서울,25,2020,기타,응급진료결과 현황
서울,14,2021,기타,응급진료결과 현황
서울,11,2022,기타,응급진료결과 현황
서울,8,2023,기타,응급진료결과 현황
서울,2,2024,기타,응급진료결과 현황
부산,153,2016,기타,응급진료결과 현황
부산,143,2017,기타,응급진료결과 현황
부산,3,2018,기타,응급진료결과 현황
부산,3,2019,기타,응급진료결과 현황
부산,5,2020,기타,응급진료결과 현황
부산,5,2021,기타,응급진료결과 현황
부산,6,2022,기타,응급진료결과 현황
부산,1,2023,기타,응급진료결과 현황
부산,1,2024,기타,응급진료결과 현황
대구,63,2016,기타,응급진료결과 현황
대구,32,2017,기타,응급진료결과 현황
대구,4,2018,기타,응급진료결과 현황
대구,3,2019,기타,응급진료결과 현황
대구,1,2020,기타,응급진료결과 현황
대구,1,2021,기타,응급진료결과 현황
대구,4,2022,기타,응급진료결과 현황
대구,1,2023,기타,응급진료결과 현황
대구,-,2024,기타,응급진료결과 현황
인천,11,2016,기타,응급진료결과 현황
인천,26,2017,기타,응급진료결과 현황
인천,2,2018,기타,응급진료결과 현황
인천,1,2019,기타,응급진료결과 현황
인천,1,2020,기타,응급진료결과 현황
인천,-,2021,기타,응급진료결과 현황
인천,-,2022,기타,응급진료결과 현황
인천,1,2023,기타,응급진료결과 현황
인천,-,2024,기타,응급진료결과 현황
광주,14,2016,기타,응급진료결과 현황
광주,13,2017,기타,응급진료결과 현황
광주,4,2018,기타,응급진료결과 현황
광주,4,2019,기타,응급진료결과 현황
광주,2,2020,기타,응급진료결과 현황
광주,4,2021,기타,응급진료결과 현황
광주,3,2022,기타,응급진료결과 현황
광주,5,2023,기타,응급진료결과 현황
광주,2,2024,기타,응급진료결과 현황
대전,-,2016,기타,응급진료결과 현황
대전,1,2017,기타,응급진료결과 현황
대전,-,2018,기타,응급진료결과 현황
대전,1,2019,기타,응급진료결과 현황
대전,1,2020,기타,응급진료결과 현황
대전,-,2021,기타,응급진료결과 현황
대전,-,2022,기타,응급진료결과 현황
대전,-,2023,기타,응급진료결과 현황
대전,-,2024,기타,응급진료결과 현황
울산,-,2016,기타,응급진료결과 현황
울산,-,2017,기타,응급진료결과 현황
울산,-,2018,기타,응급진료결과 현황
울산,-,2019,기타,응급진료결과 현황
울산,-,2020,기타,응급진료결과 현황
울산,-,2021,기타,응급진료결과 현황
울산,-,2022,기타,응급진료결과 현황
울산,-,2023,기타,응급진료결과 현황
울산,-,2024,기타,응급진료결과 현황
세종,-,2020,기타,응급진료결과 현황
세종,-,2021,기타,응급진료결과 현황
세종,-,2022,기타,응급진료결과 현황
세종,-,2023,기타,응급진료결과 현황
세종,-,2024,기타,응급진료결과 현황
경기,17,2016,기타,응급진료결과 현황
경기,10,2017,기타,응급진료결과 현황
경기,6,2018,기타,응급진료결과 현황
경기,11,2019,기타,응급진료결과 현황
경기,4,2020,기타,응급진료결과 현황
경기,5,2021,기타,응급진료결과 현황
경기,5,2022,기타,응급진료결과 현황
경기,2,2023,기타,응급진료결과 현황
경기,2,2024,기타,응급진료결과 현황
강원,29,2016,기타,응급진료결과 현황
강원,16,2017,기타,응급진료결과 현황
강원,-,2018,기타,응급진료결과 현황
강원,-,2019,기타,응급진료결과 현황
강원,-,2020,기타,응급진료결과 현황
강원,-,2021,기타,응급진료결과 현황
강원,-,2022,기타,응급진료결과 현황
강원,-,2023,기타,응급진료결과 현황
강원,-,2024,기타,응급진료결과 현황
충북,8,2016,기타,응급진료결과 현황
충북,6,2017,기타,응급진료결과 현황
충북,3,2018,기타,응급진료결과 현황
충북,1,2019,기타,응급진료결과 현황
충북,-,2020,기타,응급진료결과 현황
충북,1,2021,기타,응급진료결과 현황
충북,1,2022,기타,응급진료결과 현황
충북,-,2023,기타,응급진료결과 현황
충북,-,2024,기타,응급진료결과 현황
충남,2,2016,기타,응급진료결과 현황
충남,2,2017,기타,응급진료결과 현황
충남,-,2018,기타,응급진료결과 현황
충남,-,2019,기타,응급진료결과 현황
충남,-,2020,기타,응급진료결과 현황
충남,-,2021,기타,응급진료결과 현황
충남,1,2022,기타,응급진료결과 현황
충남,1,2023,기타,응급진료결과 현황
충남,1,2024,기타,응급진료결과 현황
전북,4,2016,기타,응급진료결과 현황
전북,10,2017,기타,응급진료결과 현황
전북,8,2018,기타,응급진료결과 현황
전북,21,2019,기타,응급진료결과 현황
전북,2,2020,기타,응급진료결과 현황
전북,1,2021,기타,응급진료결과 현황
전북,2,2022,기타,응급진료결과 현황
전북,1,2023,기타,응급진료결과 현황
전북,1,2024,기타,응급진료결과 현황
전남,1,2016,기타,응급진료결과 현황
전남,1,2017,기타,응급진료결과 현황
전남,2,2018,기타,응급진료결과 현황
전남,3,2019,기타,응급진료결과 현황
전남,2,2020,기타,응급진료결과 현황
전남,6,2021,기타,응급진료결과 현황
전남,1,2022,기타,응급진료결과 현황
전남,-,2023,기타,응급진료결과 현황
전남,-,2024,기타,응급진료결과 현황
경북,3,2016,기타,응급진료결과 현황
경북,2,2017,기타,응급진료결과 현황
경북,1,2018,기타,응급진료결과 현황
경북,-,2019,기타,응급진료결과 현황
경북,28,2020,기타,응급진료결과 현황
경북,36,2021,기타,응급진료결과 현황
경북,-,2022,기타,응급진료결과 현황
경북,1,2023,기타,응급진료결과 현황
경북,-,2024,기타,응급진료결과 현황
경남,104,2016,기타,응급진료결과 현황
경남,112,2017,기타,응급진료결과 현황
경남,128,2018,기타,응급진료결과 현황
경남,31,2019,기타,응급진료결과 현황
경남,2,2020,기타,응급진료결과 현황
경남,1,2021,기타,응급진료결과 현황
경남,4,2022,기타,응급진료결과 현황
경남,3,2023,기타,응급진료결과 현황
경남,2,2024,기타,응급진료결과 현황
제주,-,2016,기타,응급진료결과 현황
제주,-,2017,기타,응급진료결과 현황
제주,4,2018,기타,응급진료결과 현황
제주,2,2019,기타,응급진료결과 현황
제주,-,2020,기타,응급진료결과 현황
제주,-,2021,기타,응급진료결과 현황
제주,-,2022,기타,응급진료결과 현황
제주,1,2023,기타,응급진료결과 현황
제주,-,2024,기타,응급진료결과 현황
전체,1140579,2016,입원,응급진료결과 현황
전체,1180367,2017,입원,응급진료결과 현황
전체,1215171,2018,입원,응급진료결과 현황
전체,1250725,2019,입원,응급진료결과 현황
전체,1067693,2020,입원,응급진료결과 현황
전체,1106356,2021,입원,응급진료결과 현황
전체,1155999,2022,입원,응급진료결과 현황
전체,1329013,2023,입원,응급진료결과 현황
전체,1108299,2024,입원,응급진료결과 현황
서울,259195,2016,입원,응급진료결과 현황
서울,264201,2017,입원,응급진료결과 현황
서울,271037,2018,입원,응급진료결과 현황
서울,258737,2019,입원,응급진료결과 현황
서울,227241,2020,입원,응급진료결과 현황
서울,231596,2021,입원,응급진료결과 현황
서울,255627,2022,입원,응급진료결과 현황
서울,288110,2023,입원,응급진료결과 현황
서울,209545,2024,입원,응급진료결과 현황
부산,58860,2016,입원,응급진료결과 현황
부산,60531,2017,입원,응급진료결과 현황
부산,61447,2018,입원,응급진료결과 현황
부산,65066,2019,입원,응급진료결과 현황
부산,59745,2020,입원,응급진료결과 현황
부산,61331,2021,입원,응급진료결과 현황
부산,62534,2022,입원,응급진료결과 현황
부산,67705,2023,입원,응급진료결과 현황
부산,47205,2024,입원,응급진료결과 현황
대구,58656,2016,입원,응급진료결과 현황
대구,59593,2017,입원,응급진료결과 현황
대구,61795,2018,입원,응급진료결과 현황
대구,64217,2019,입원,응급진료결과 현황
대구,54600,2020,입원,응급진료결과 현황
대구,65322,2021,입원,응급진료결과 현황
대구,68191,2022,입원,응급진료결과 현황
대구,72045,2023,입원,응급진료결과 현황
대구,47091,2024,입원,응급진료결과 현황
인천,67494,2016,입원,응급진료결과 현황
인천,76143,2017,입원,응급진료결과 현황
인천,80476,2018,입원,응급진료결과 현황
인천,80788,2019,입원,응급진료결과 현황
인천,70398,2020,입원,응급진료결과 현황
인천,71456,2021,입원,응급진료결과 현황
인천,71624,2022,입원,응급진료결과 현황
인천,84925,2023,입원,응급진료결과 현황
인천,78929,2024,입원,응급진료결과 현황
광주,42203,2016,입원,응급진료결과 현황
광주,42222,2017,입원,응급진료결과 현황
광주,45071,2018,입원,응급진료결과 현황
광주,46577,2019,입원,응급진료결과 현황
광주,39471,2020,입원,응급진료결과 현황
광주,40299,2021,입원,응급진료결과 현황
광주,40933,2022,입원,응급진료결과 현황
광주,43915,2023,입원,응급진료결과 현황
광주,34183,2024,입원,응급진료결과 현황
대전,55093,2016,입원,응급진료결과 현황
대전,53780,2017,입원,응급진료결과 현황
대전,52666,2018,입원,응급진료결과 현황
대전,51281,2019,입원,응급진료결과 현황
대전,41839,2020,입원,응급진료결과 현황
대전,41261,2021,입원,응급진료결과 현황
대전,42200,2022,입원,응급진료결과 현황
대전,50262,2023,입원,응급진료결과 현황
대전,37886,2024,입원,응급진료결과 현황
울산,19685,2016,입원,응급진료결과 현황
울산,20001,2017,입원,응급진료결과 현황
울산,20663,2018,입원,응급진료결과 현황
울산,20678,2019,입원,응급진료결과 현황
울산,17786,2020,입원,응급진료결과 현황
울산,17957,2021,입원,응급진료결과 현황
울산,18483,2022,입원,응급진료결과 현황
울산,29269,2023,입원,응급진료결과 현황
울산,28294,2024,입원,응급진료결과 현황
세종,1844,2020,입원,응급진료결과 현황
세종,5073,2021,입원,응급진료결과 현황
세종,6089,2022,입원,응급진료결과 현황
세종,7115,2023,입원,응급진료결과 현황
세종,5792,2024,입원,응급진료결과 현황
경기,247388,2016,입원,응급진료결과 현황
경기,249748,2017,입원,응급진료결과 현황
경기,259819,2018,입원,응급진료결과 현황
경기,286867,2019,입원,응급진료결과 현황
경기,230541,2020,입원,응급진료결과 현황
경기,249658,2021,입원,응급진료결과 현황
경기,256240,2022,입원,응급진료결과 현황
경기,316358,2023,입원,응급진료결과 현황
경기,278253,2024,입원,응급진료결과 현황
강원,43350,2016,입원,응급진료결과 현황
강원,49042,2017,입원,응급진료결과 현황
강원,49701,2018,입원,응급진료결과 현황
강원,51387,2019,입원,응급진료결과 현황
강원,45891,2020,입원,응급진료결과 현황
강원,44283,2021,입원,응급진료결과 현황
강원,45403,2022,입원,응급진료결과 현황
강원,47870,2023,입원,응급진료결과 현황
강원,36002,2024,입원,응급진료결과 현황
충북,25757,2016,입원,응급진료결과 현황
충북,26198,2017,입원,응급진료결과 현황
충북,26288,2018,입원,응급진료결과 현황
충북,35978,2019,입원,응급진료결과 현황
충북,30158,2020,입원,응급진료결과 현황
충북,29807,2021,입원,응급진료결과 현황
충북,31138,2022,입원,응급진료결과 현황
충북,39234,2023,입원,응급진료결과 현황
충북,41724,2024,입원,응급진료결과 현황
충남,47510,2016,입원,응급진료결과 현황
충남,47246,2017,입원,응급진료결과 현황
충남,49663,2018,입원,응급진료결과 현황
충남,50933,2019,입원,응급진료결과 현황
충남,39409,2020,입원,응급진료결과 현황
충남,39448,2021,입원,응급진료결과 현황
충남,42968,2022,입원,응급진료결과 현황
충남,48348,2023,입원,응급진료결과 현황
충남,47198,2024,입원,응급진료결과 현황
전북,55801,2016,입원,응급진료결과 현황
전북,60221,2017,입원,응급진료결과 현황
전북,59633,2018,입원,응급진료결과 현황
전북,65231,2019,입원,응급진료결과 현황
전북,58303,2020,입원,응급진료결과 현황
전북,56816,2021,입원,응급진료결과 현황
전북,61578,2022,입원,응급진료결과 현황
전북,69908,2023,입원,응급진료결과 현황
전북,62090,2024,입원,응급진료결과 현황
전남,26101,2016,입원,응급진료결과 현황
전남,28219,2017,입원,응급진료결과 현황
전남,29620,2018,입원,응급진료결과 현황
전남,29156,2019,입원,응급진료결과 현황
전남,28056,2020,입원,응급진료결과 현황
전남,27313,2021,입원,응급진료결과 현황
전남,25800,2022,입원,응급진료결과 현황
전남,28088,2023,입원,응급진료결과 현황
전남,27173,2024,입원,응급진료결과 현황
경북,54027,2016,입원,응급진료결과 현황
경북,55276,2017,입원,응급진료결과 현황
경북,55508,2018,입원,응급진료결과 현황
경북,53882,2019,입원,응급진료결과 현황
경북,44030,2020,입원,응급진료결과 현황
경북,45762,2021,입원,응급진료결과 현황
경북,44611,2022,입원,응급진료결과 현황
경북,48291,2023,입원,응급진료결과 현황
경북,50358,2024,입원,응급진료결과 현황
경남,51272,2016,입원,응급진료결과 현황
경남,61172,2017,입원,응급진료결과 현황
경남,65342,2018,입원,응급진료결과 현황
경남,64381,2019,입원,응급진료결과 현황
경남,57053,2020,입원,응급진료결과 현황
경남,58376,2021,입원,응급진료결과 현황
경남,60168,2022,입원,응급진료결과 현황
경남,64814,2023,입원,응급진료결과 현황
경남,56257,2024,입원,응급진료결과 현황
제주,28187,2016,입원,응급진료결과 현황
제주,26774,2017,입원,응급진료결과 현황
제주,26442,2018,입원,응급진료결과 현황
제주,25566,2019,입원,응급진료결과 현황
제주,21328,2020,입원,응급진료결과 현황
제주,20598,2021,입원,응급진료결과 현황
제주,22412,2022,입원,응급진료결과 현황
제주,22756,2023,입원,응급진료결과 현황
제주,20319,2024,입원,응급진료결과 현황
전체,923899,2016,일반병실,응급진료결과 현황
전체,949288,2017,일반병실,응급진료결과 현황
전체,979855,2018,일반병실,응급진료결과 현황
전체,1006527,2019,일반병실,응급진료결과 현황
전체,838178,2020,일반병실,응급진료결과 현황
전체,874331,2021,일반병실,응급진료결과 현황
전체,917937,2022,일반병실,응급진료결과 현황
전체,1064171,2023,일반병실,응급진료결과 현황
전체,857940,2024,일반병실,응급진료결과 현황
서울,216099,2016,일반병실,응급진료결과 현황
서울,217358,2017,일반병실,응급진료결과 현황
서울,224243,2018,일반병실,응급진료결과 현황
서울,215076,2019,일반병실,응급진료결과 현황
서울,186313,2020,일반병실,응급진료결과 현황
서울,190432,2021,일반병실,응급진료결과 현황
서울,211382,2022,일반병실,응급진료결과 현황
서울,239200,2023,일반병실,응급진료결과 현황
서울,167255,2024,일반병실,응급진료결과 현황
부산,46866,2016,일반병실,응급진료결과 현황
부산,48366,2017,일반병실,응급진료결과 현황
부산,48656,2018,일반병실,응급진료결과 현황
부산,51738,2019,일반병실,응급진료결과 현황
부산,46665,2020,일반병실,응급진료결과 현황
부산,48964,2021,일반병실,응급진료결과 현황
부산,50308,2022,일반병실,응급진료결과 현황
부산,54544,2023,일반병실,응급진료결과 현황
부산,35604,2024,일반병실,응급진료결과 현황
대구,46534,2016,일반병실,응급진료결과 현황
대구,46179,2017,일반병실,응급진료결과 현황
대구,49404,2018,일반병실,응급진료결과 현황
대구,51702,2019,일반병실,응급진료결과 현황
대구,42831,2020,일반병실,응급진료결과 현황
대구,52592,2021,일반병실,응급진료결과 현황
대구,55968,2022,일반병실,응급진료결과 현황
대구,59798,2023,일반병실,응급진료결과 현황
대구,37152,2024,일반병실,응급진료결과 현황
인천,53781,2016,일반병실,응급진료결과 현황
인천,61719,2017,일반병실,응급진료결과 현황
인천,65721,2018,일반병실,응급진료결과 현황
인천,64857,2019,일반병실,응급진료결과 현황
인천,54476,2020,일반병실,응급진료결과 현황
인천,56335,2021,일반병실,응급진료결과 현황
인천,54190,2022,일반병실,응급진료결과 현황
인천,67552,2023,일반병실,응급진료결과 현황
인천,61220,2024,일반병실,응급진료결과 현황
광주,32447,2016,일반병실,응급진료결과 현황
광주,32174,2017,일반병실,응급진료결과 현황
광주,34309,2018,일반병실,응급진료결과 현황
광주,35614,2019,일반병실,응급진료결과 현황
광주,29086,2020,일반병실,응급진료결과 현황
광주,30178,2021,일반병실,응급진료결과 현황
광주,31489,2022,일반병실,응급진료결과 현황
광주,33558,2023,일반병실,응급진료결과 현황
광주,23788,2024,일반병실,응급진료결과 현황
대전,45776,2016,일반병실,응급진료결과 현황
대전,44313,2017,일반병실,응급진료결과 현황
대전,42370,2018,일반병실,응급진료결과 현황
대전,40739,2019,일반병실,응급진료결과 현황
대전,32402,2020,일반병실,응급진료결과 현황
대전,32119,2021,일반병실,응급진료결과 현황
대전,32639,2022,일반병실,응급진료결과 현황
대전,39020,2023,일반병실,응급진료결과 현황
대전,28216,2024,일반병실,응급진료결과 현황
울산,15844,2016,일반병실,응급진료결과 현황
울산,15778,2017,일반병실,응급진료결과 현황
울산,16070,2018,일반병실,응급진료결과 현황
울산,16018,2019,일반병실,응급진료결과 현황
울산,13579,2020,일반병실,응급진료결과 현황
울산,13760,2021,일반병실,응급진료결과 현황
울산,14159,2022,일반병실,응급진료결과 현황
울산,22891,2023,일반병실,응급진료결과 현황
울산,21624,2024,일반병실,응급진료결과 현황
세종,1404,2020,일반병실,응급진료결과 현황
세종,3978,2021,일반병실,응급진료결과 현황
세종,4981,2022,일반병실,응급진료결과 현황
세종,5905,2023,일반병실,응급진료결과 현황
세종,4813,2024,일반병실,응급진료결과 현황
경기,200708,2016,일반병실,응급진료결과 현황
경기,201183,2017,일반병실,응급진료결과 현황
경기,210761,2018,일반병실,응급진료결과 현황
경기,231874,2019,일반병실,응급진료결과 현황
경기,180614,2020,일반병실,응급진료결과 현황
경기,197939,2021,일반병실,응급진료결과 현황
경기,203182,2022,일반병실,응급진료결과 현황
경기,253515,2023,일반병실,응급진료결과 현황
경기,217308,2024,일반병실,응급진료결과 현황
강원,33476,2016,일반병실,응급진료결과 현황
강원,37687,2017,일반병실,응급진료결과 현황
강원,38856,2018,일반병실,응급진료결과 현황
강원,40258,2019,일반병실,응급진료결과 현황
강원,35558,2020,일반병실,응급진료결과 현황
강원,33827,2021,일반병실,응급진료결과 현황
강원,34976,2022,일반병실,응급진료결과 현황
강원,36307,2023,일반병실,응급진료결과 현황
강원,25983,2024,일반병실,응급진료결과 현황
충북,20726,2016,일반병실,응급진료결과 현황
충북,21261,2017,일반병실,응급진료결과 현황
충북,20834,2018,일반병실,응급진료결과 현황
충북,28828,2019,일반병실,응급진료결과 현황
충북,23480,2020,일반병실,응급진료결과 현황
충북,23074,2021,일반병실,응급진료결과 현황
충북,24227,2022,일반병실,응급진료결과 현황
충북,31045,2023,일반병실,응급진료결과 현황
충북,33049,2024,일반병실,응급진료결과 현황
충남,38693,2016,일반병실,응급진료결과 현황
충남,38246,2017,일반병실,응급진료결과 현황
충남,40573,2018,일반병실,응급진료결과 현황
충남,41314,2019,일반병실,응급진료결과 현황
충남,31142,2020,일반병실,응급진료결과 현황
충남,30763,2021,일반병실,응급진료결과 현황
충남,33774,2022,일반병실,응급진료결과 현황
충남,38408,2023,일반병실,응급진료결과 현황
충남,37301,2024,일반병실,응급진료결과 현황
전북,45510,2016,일반병실,응급진료결과 현황
전북,49561,2017,일반병실,응급진료결과 현황
전북,48956,2018,일반병실,응급진료결과 현황
전북,54519,2019,일반병실,응급진료결과 현황
전북,47468,2020,일반병실,응급진료결과 현황
전북,46441,2021,일반병실,응급진료결과 현황
전북,51017,2022,일반병실,응급진료결과 현황
전북,57915,2023,일반병실,응급진료결과 현황
전북,50200,2024,일반병실,응급진료결과 현황
전남,19740,2016,일반병실,응급진료결과 현황
전남,21036,2017,일반병실,응급진료결과 현황
전남,22131,2018,일반병실,응급진료결과 현황
전남,21761,2019,일반병실,응급진료결과 현황
전남,20457,2020,일반병실,응급진료결과 현황
전남,19512,2021,일반병실,응급진료결과 현황
전남,18552,2022,일반병실,응급진료결과 현황
전남,20798,2023,일반병실,응급진료결과 현황
전남,19436,2024,일반병실,응급진료결과 현황
경북,42701,2016,일반병실,응급진료결과 현황
경북,43191,2017,일반병실,응급진료결과 현황
경북,42412,2018,일반병실,응급진료결과 현황
경북,40559,2019,일반병실,응급진료결과 현황
경북,31946,2020,일반병실,응급진료결과 현황
경북,33670,2021,일반병실,응급진료결과 현황
경북,32745,2022,일반병실,응급진료결과 현황
경북,35451,2023,일반병실,응급진료결과 현황
경북,37000,2024,일반병실,응급진료결과 현황
경남,42393,2016,일반병실,응급진료결과 현황
경남,50364,2017,일반병실,응급진료결과 현황
경남,53725,2018,일반병실,응급진료결과 현황
경남,51709,2019,일반병실,응급진료결과 현황
경남,44879,2020,일반병실,응급진료결과 현황
경남,45552,2021,일반병실,응급진료결과 현황
경남,47602,2022,일반병실,응급진료결과 현황
경남,50933,2023,일반병실,응급진료결과 현황
경남,42512,2024,일반병실,응급진료결과 현황
제주,22605,2016,일반병실,응급진료결과 현황
제주,20872,2017,일반병실,응급진료결과 현황
제주,20834,2018,일반병실,응급진료결과 현황
제주,19961,2019,일반병실,응급진료결과 현황
제주,15878,2020,일반병실,응급진료결과 현황
제주,15195,2021,일반병실,응급진료결과 현황
제주,16746,2022,일반병실,응급진료결과 현황
제주,17331,2023,일반병실,응급진료결과 현황
제주,15479,2024,일반병실,응급진료결과 현황
전체,147366,2016,중환자실,응급진료결과 현황
전체,153938,2017,중환자실,응급진료결과 현황
전체,154621,2018,중환자실,응급진료결과 현황
전체,159731,2019,중환자실,응급진료결과 현황
전체,152648,2020,중환자실,응급진료결과 현황
전체,150729,2021,중환자실,응급진료결과 현황
전체,153103,2022,중환자실,응급진료결과 현황
전체,177579,2023,중환자실,응급진료결과 현황
전체,174271,2024,중환자실,응급진료결과 현황
서울,28252,2016,중환자실,응급진료결과 현황
서울,30915,2017,중환자실,응급진료결과 현황
서울,29988,2018,중환자실,응급진료결과 현황
서울,28187,2019,중환자실,응급진료결과 현황
서울,27166,2020,중환자실,응급진료결과 현황
서울,26318,2021,중환자실,응급진료결과 현황
서울,28021,2022,중환자실,응급진료결과 현황
서울,32226,2023,중환자실,응급진료결과 현황
서울,28767,2024,중환자실,응급진료결과 현황
부산,8216,2016,중환자실,응급진료결과 현황
부산,8649,2017,중환자실,응급진료결과 현황
부산,7924,2018,중환자실,응급진료결과 현황
부산,8448,2019,중환자실,응급진료결과 현황
부산,8671,2020,중환자실,응급진료결과 현황
부산,8469,2021,중환자실,응급진료결과 현황
부산,8358,2022,중환자실,응급진료결과 현황
부산,9426,2023,중환자실,응급진료결과 현황
부산,8258,2024,중환자실,응급진료결과 현황
대구,8672,2016,중환자실,응급진료결과 현황
대구,9493,2017,중환자실,응급진료결과 현황
대구,8340,2018,중환자실,응급진료결과 현황
대구,8519,2019,중환자실,응급진료결과 현황
대구,8245,2020,중환자실,응급진료결과 현황
대구,8877,2021,중환자실,응급진료결과 현황
대구,8406,2022,중환자실,응급진료결과 현황
대구,8721,2023,중환자실,응급진료결과 현황
대구,7423,2024,중환자실,응급진료결과 현황
인천,9756,2016,중환자실,응급진료결과 현황
인천,9952,2017,중환자실,응급진료결과 현황
인천,10207,2018,중환자실,응급진료결과 현황
인천,11522,2019,중환자실,응급진료결과 현황
인천,11545,2020,중환자실,응급진료결과 현황
인천,10417,2021,중환자실,응급진료결과 현황
인천,10253,2022,중환자실,응급진료결과 현황
인천,11674,2023,중환자실,응급진료결과 현황
인천,12905,2024,중환자실,응급진료결과 현황
광주,6855,2016,중환자실,응급진료결과 현황
광주,6867,2017,중환자실,응급진료결과 현황
광주,7430,2018,중환자실,응급진료결과 현황
광주,7714,2019,중환자실,응급진료결과 현황
광주,7389,2020,중환자실,응급진료결과 현황
광주,7201,2021,중환자실,응급진료결과 현황
광주,7300,2022,중환자실,응급진료결과 현황
광주,7780,2023,중환자실,응급진료결과 현황
광주,7683,2024,중환자실,응급진료결과 현황
대전,6983,2016,중환자실,응급진료결과 현황
대전,6656,2017,중환자실,응급진료결과 현황
대전,7234,2018,중환자실,응급진료결과 현황
대전,6506,2019,중환자실,응급진료결과 현황
대전,6039,2020,중환자실,응급진료결과 현황
대전,5848,2021,중환자실,응급진료결과 현황
대전,6482,2022,중환자실,응급진료결과 현황
대전,7612,2023,중환자실,응급진료결과 현황
대전,6588,2024,중환자실,응급진료결과 현황
울산,2702,2016,중환자실,응급진료결과 현황
울산,2846,2017,중환자실,응급진료결과 현황
울산,3184,2018,중환자실,응급진료결과 현황
울산,2996,2019,중환자실,응급진료결과 현황
울산,2776,2020,중환자실,응급진료결과 현황
울산,2740,2021,중환자실,응급진료결과 현황
울산,2745,2022,중환자실,응급진료결과 현황
울산,4059,2023,중환자실,응급진료결과 현황
울산,4654,2024,중환자실,응급진료결과 현황
세종,136,2020,중환자실,응급진료결과 현황
세종,377,2021,중환자실,응급진료결과 현황
세종,381,2022,중환자실,응급진료결과 현황
세종,459,2023,중환자실,응급진료결과 현황
세종,423,2024,중환자실,응급진료결과 현황
경기,31495,2016,중환자실,응급진료결과 현황
경기,31626,2017,중환자실,응급진료결과 현황
경기,32442,2018,중환자실,응급진료결과 현황
경기,35945,2019,중환자실,응급진료결과 현황
경기,33357,2020,중환자실,응급진료결과 현황
경기,33355,2021,중환자실,응급진료결과 현황
경기,33317,2022,중환자실,응급진료결과 현황
경기,42162,2023,중환자실,응급진료결과 현황
경기,42735,2024,중환자실,응급진료결과 현황
강원,6804,2016,중환자실,응급진료결과 현황
강원,7693,2017,중환자실,응급진료결과 현황
강원,7313,2018,중환자실,응급진료결과 현황
강원,8159,2019,중환자실,응급진료결과 현황
강원,7571,2020,중환자실,응급진료결과 현황
강원,7344,2021,중환자실,응급진료결과 현황
강원,6751,2022,중환자실,응급진료결과 현황
강원,8052,2023,중환자실,응급진료결과 현황
강원,7340,2024,중환자실,응급진료결과 현황
충북,3568,2016,중환자실,응급진료결과 현황
충북,3294,2017,중환자실,응급진료결과 현황
충북,3506,2018,중환자실,응급진료결과 현황
충북,4548,2019,중환자실,응급진료결과 현황
충북,4424,2020,중환자실,응급진료결과 현황
충북,4977,2021,중환자실,응급진료결과 현황
충북,5196,2022,중환자실,응급진료결과 현황
충북,6070,2023,중환자실,응급진료결과 현황
충북,6461,2024,중환자실,응급진료결과 현황
충남,6262,2016,중환자실,응급진료결과 현황
충남,6484,2017,중환자실,응급진료결과 현황
충남,6379,2018,중환자실,응급진료결과 현황
충남,6569,2019,중환자실,응급진료결과 현황
충남,5484,2020,중환자실,응급진료결과 현황
충남,5583,2021,중환자실,응급진료결과 현황
충남,6198,2022,중환자실,응급진료결과 현황
충남,7066,2023,중환자실,응급진료결과 현황
충남,7198,2024,중환자실,응급진료결과 현황
전북,6358,2016,중환자실,응급진료결과 현황
전북,6064,2017,중환자실,응급진료결과 현황
전북,6169,2018,중환자실,응급진료결과 현황
전북,6193,2019,중환자실,응급진료결과 현황
전북,6171,2020,중환자실,응급진료결과 현황
전북,5399,2021,중환자실,응급진료결과 현황
전북,5960,2022,중환자실,응급진료결과 현황
전북,6822,2023,중환자실,응급진료결과 현황
전북,7153,2024,중환자실,응급진료결과 현황
전남,4202,2016,중환자실,응급진료결과 현황
전남,4601,2017,중환자실,응급진료결과 현황
전남,4769,2018,중환자실,응급진료결과 현황
전남,4752,2019,중환자실,응급진료결과 현황
전남,4945,2020,중환자실,응급진료결과 현황
전남,5047,2021,중환자실,응급진료결과 현황
전남,4781,2022,중환자실,응급진료결과 현황
전남,4908,2023,중환자실,응급진료결과 현황
전남,5290,2024,중환자실,응급진료결과 현황
경북,8097,2016,중환자실,응급진료결과 현황
경북,8646,2017,중환자실,응급진료결과 현황
경북,9421,2018,중환자실,응급진료결과 현황
경북,9425,2019,중환자실,응급진료결과 현황
경북,8637,2020,중환자실,응급진료결과 현황
경북,8420,2021,중환자실,응급진료결과 현황
경북,8409,2022,중환자실,응급진료결과 현황
경북,9164,2023,중환자실,응급진료결과 현황
경북,9676,2024,중환자실,응급진료결과 현황
경남,5123,2016,중환자실,응급진료결과 현황
경남,5944,2017,중환자실,응급진료결과 현황
경남,6366,2018,중환자실,응급진료결과 현황
경남,6305,2019,중환자실,응급진료결과 현황
경남,6349,2020,중환자실,응급진료결과 현황
경남,6657,2021,중환자실,응급진료결과 현황
경남,6928,2022,중환자실,응급진료결과 현황
경남,7933,2023,중환자실,응급진료결과 현황
경남,8510,2024,중환자실,응급진료결과 현황
제주,4021,2016,중환자실,응급진료결과 현황
제주,4208,2017,중환자실,응급진료결과 현황
제주,3949,2018,중환자실,응급진료결과 현황
제주,3943,2019,중환자실,응급진료결과 현황
제주,3743,2020,중환자실,응급진료결과 현황
제주,3700,2021,중환자실,응급진료결과 현황
제주,3617,2022,중환자실,응급진료결과 현황
제주,3445,2023,중환자실,응급진료결과 현황
제주,3207,2024,중환자실,응급진료결과 현황
전체,40703,2016,수술실→병실,응급진료결과 현황
전체,43098,2017,수술실→병실,응급진료결과 현황
전체,43678,2018,수술실→병실,응급진료결과 현황
전체,43123,2019,수술실→병실,응급진료결과 현황
전체,37527,2020,수술실→병실,응급진료결과 현황
전체,41403,2021,수술실→병실,응급진료결과 현황
전체,41530,2022,수술실→병실,응급진료결과 현황
전체,41709,2023,수술실→병실,응급진료결과 현황
전체,32543,2024,수술실→병실,응급진료결과 현황
서울,9120,2016,수술실→병실,응급진료결과 현황
서울,8787,2017,수술실→병실,응급진료결과 현황
서울,9331,2018,수술실→병실,응급진료결과 현황
서울,8431,2019,수술실→병실,응급진료결과 현황
서울,6887,2020,수술실→병실,응급진료결과 현황
서울,7807,2021,수술실→병실,응급진료결과 현황
서울,8625,2022,수술실→병실,응급진료결과 현황
서울,8596,2023,수술실→병실,응급진료결과 현황
서울,5789,2024,수술실→병실,응급진료결과 현황
부산,1970,2016,수술실→병실,응급진료결과 현황
부산,1634,2017,수술실→병실,응급진료결과 현황
부산,2506,2018,수술실→병실,응급진료결과 현황
부산,2558,2019,수술실→병실,응급진료결과 현황
부산,2054,2020,수술실→병실,응급진료결과 현황
부산,1954,2021,수술실→병실,응급진료결과 현황
부산,1952,2022,수술실→병실,응급진료결과 현황
부산,1790,2023,수술실→병실,응급진료결과 현황
부산,1376,2024,수술실→병실,응급진료결과 현황
대구,2356,2016,수술실→병실,응급진료결과 현황
대구,2519,2017,수술실→병실,응급진료결과 현황
대구,2462,2018,수술실→병실,응급진료결과 현황
대구,2511,2019,수술실→병실,응급진료결과 현황
대구,2232,2020,수술실→병실,응급진료결과 현황
대구,2641,2021,수술실→병실,응급진료결과 현황
대구,2574,2022,수술실→병실,응급진료결과 현황
대구,2186,2023,수술실→병실,응급진료결과 현황
대구,1382,2024,수술실→병실,응급진료결과 현황
인천,1625,2016,수술실→병실,응급진료결과 현황
인천,1887,2017,수술실→병실,응급진료결과 현황
인천,2053,2018,수술실→병실,응급진료결과 현황
인천,1779,2019,수술실→병실,응급진료결과 현황
인천,1591,2020,수술실→병실,응급진료결과 현황
인천,1854,2021,수술실→병실,응급진료결과 현황
인천,2134,2022,수술실→병실,응급진료결과 현황
인천,1976,2023,수술실→병실,응급진료결과 현황
인천,1647,2024,수술실→병실,응급진료결과 현황
광주,1919,2016,수술실→병실,응급진료결과 현황
광주,2210,2017,수술실→병실,응급진료결과 현황
광주,2365,2018,수술실→병실,응급진료결과 현황
광주,2127,2019,수술실→병실,응급진료결과 현황
광주,1848,2020,수술실→병실,응급진료결과 현황
광주,1785,2021,수술실→병실,응급진료결과 현황
광주,1222,2022,수술실→병실,응급진료결과 현황
광주,1572,2023,수술실→병실,응급진료결과 현황
광주,1420,2024,수술실→병실,응급진료결과 현황
대전,1184,2016,수술실→병실,응급진료결과 현황
대전,1379,2017,수술실→병실,응급진료결과 현황
대전,1390,2018,수술실→병실,응급진료결과 현황
대전,1422,2019,수술실→병실,응급진료결과 현황
대전,1165,2020,수술실→병실,응급진료결과 현황
대전,1145,2021,수술실→병실,응급진료결과 현황
대전,1112,2022,수술실→병실,응급진료결과 현황
대전,1468,2023,수술실→병실,응급진료결과 현황
대전,1173,2024,수술실→병실,응급진료결과 현황
울산,464,2016,수술실→병실,응급진료결과 현황
울산,544,2017,수술실→병실,응급진료결과 현황
울산,500,2018,수술실→병실,응급진료결과 현황
울산,591,2019,수술실→병실,응급진료결과 현황
울산,428,2020,수술실→병실,응급진료결과 현황
울산,481,2021,수술실→병실,응급진료결과 현황
울산,470,2022,수술실→병실,응급진료결과 현황
울산,889,2023,수술실→병실,응급진료결과 현황
울산,667,2024,수술실→병실,응급진료결과 현황
세종,118,2020,수술실→병실,응급진료결과 현황
세종,319,2021,수술실→병실,응급진료결과 현황
세종,346,2022,수술실→병실,응급진료결과 현황
세종,337,2023,수술실→병실,응급진료결과 현황
세종,242,2024,수술실→병실,응급진료결과 현황
경기,9164,2016,수술실→병실,응급진료결과 현황
경기,9516,2017,수술실→병실,응급진료결과 현황
경기,8664,2018,수술실→병실,응급진료결과 현황
경기,9230,2019,수술실→병실,응급진료결과 현황
경기,7927,2020,수술실→병실,응급진료결과 현황
경기,9137,2021,수술실→병실,응급진료결과 현황
경기,9255,2022,수술실→병실,응급진료결과 현황
경기,9121,2023,수술실→병실,응급진료결과 현황
경기,7479,2024,수술실→병실,응급진료결과 현황
강원,1663,2016,수술실→병실,응급진료결과 현황
강원,1977,2017,수술실→병실,응급진료결과 현황
강원,1944,2018,수술실→병실,응급진료결과 현황
강원,1593,2019,수술실→병실,응급진료결과 현황
강원,1460,2020,수술실→병실,응급진료결과 현황
강원,1529,2021,수술실→병실,응급진료결과 현황
강원,1563,2022,수술실→병실,응급진료결과 현황
강원,1523,2023,수술실→병실,응급진료결과 현황
강원,1138,2024,수술실→병실,응급진료결과 현황
충북,909,2016,수술실→병실,응급진료결과 현황
충북,936,2017,수술실→병실,응급진료결과 현황
충북,954,2018,수술실→병실,응급진료결과 현황
충북,1222,2019,수술실→병실,응급진료결과 현황
충북,1093,2020,수술실→병실,응급진료결과 현황
충북,757,2021,수술실→병실,응급진료결과 현황
충북,715,2022,수술실→병실,응급진료결과 현황
충북,913,2023,수술실→병실,응급진료결과 현황
충북,796,2024,수술실→병실,응급진료결과 현황
충남,1328,2016,수술실→병실,응급진료결과 현황
충남,1365,2017,수술실→병실,응급진료결과 현황
충남,1393,2018,수술실→병실,응급진료결과 현황
충남,1381,2019,수술실→병실,응급진료결과 현황
충남,1170,2020,수술실→병실,응급진료결과 현황
충남,1358,2021,수술실→병실,응급진료결과 현황
충남,1200,2022,수술실→병실,응급진료결과 현황
충남,998,2023,수술실→병실,응급진료결과 현황
충남,831,2024,수술실→병실,응급진료결과 현황
전북,2936,2016,수술실→병실,응급진료결과 현황
전북,3458,2017,수술실→병실,응급진료결과 현황
전북,3228,2018,수술실→병실,응급진료결과 현황
전북,3142,2019,수술실→병실,응급진료결과 현황
전북,3015,2020,수술실→병실,응급진료결과 현황
전북,3463,2021,수술실→병실,응급진료결과 현황
전북,3185,2022,수술실→병실,응급진료결과 현황
전북,3399,2023,수술실→병실,응급진료결과 현황
전북,2764,2024,수술실→병실,응급진료결과 현황
전남,944,2016,수술실→병실,응급진료결과 현황
전남,1052,2017,수술실→병실,응급진료결과 현황
전남,1076,2018,수술실→병실,응급진료결과 현황
전남,1131,2019,수술실→병실,응급진료결과 현황
전남,1099,2020,수술실→병실,응급진료결과 현황
전남,1120,2021,수술실→병실,응급진료결과 현황
전남,1104,2022,수술실→병실,응급진료결과 현황
전남,993,2023,수술실→병실,응급진료결과 현황
전남,942,2024,수술실→병실,응급진료결과 현황
경북,1763,2016,수술실→병실,응급진료결과 현황
경북,1644,2017,수술실→병실,응급진료결과 현황
경북,1732,2018,수술실→병실,응급진료결과 현황
경북,1812,2019,수술실→병실,응급진료결과 현황
경북,1603,2020,수술실→병실,응급진료결과 현황
경북,1767,2021,수술실→병실,응급진료결과 현황
경북,1666,2022,수술실→병실,응급진료결과 현황
경북,1652,2023,수술실→병실,응급진료결과 현황
경북,1631,2024,수술실→병실,응급진료결과 현황
경남,2580,2016,수술실→병실,응급진료결과 현황
경남,3293,2017,수술실→병실,응급진료결과 현황
경남,3312,2018,수술실→병실,응급진료결과 현황
경남,3438,2019,수술실→병실,응급진료결과 현황
경남,3103,2020,수술실→병실,응급진료결과 현황
경남,3474,2021,수술실→병실,응급진료결과 현황
경남,3277,2022,수술실→병실,응급진료결과 현황
경남,3251,2023,수술실→병실,응급진료결과 현황
경남,2483,2024,수술실→병실,응급진료결과 현황
제주,778,2016,수술실→병실,응급진료결과 현황
제주,897,2017,수술실→병실,응급진료결과 현황
제주,768,2018,수술실→병실,응급진료결과 현황
제주,755,2019,수술실→병실,응급진료결과 현황
제주,734,2020,수술실→병실,응급진료결과 현황
제주,812,2021,수술실→병실,응급진료결과 현황
제주,1130,2022,수술실→병실,응급진료결과 현황
제주,1045,2023,수술실→병실,응급진료결과 현황
제주,783,2024,수술실→병실,응급진료결과 현황
전체,27906,2016,수술실→중환자실,응급진료결과 현황
전체,33232,2017,수술실→중환자실,응급진료결과 현황
전체,35919,2018,수술실→중환자실,응급진료결과 현황
전체,37306,2019,수술실→중환자실,응급진료결과 현황
전체,35821,2020,수술실→중환자실,응급진료결과 현황
전체,35991,2021,수술실→중환자실,응급진료결과 현황
전체,33918,2022,수술실→중환자실,응급진료결과 현황
전체,38926,2023,수술실→중환자실,응급진료결과 현황
전체,39593,2024,수술실→중환자실,응급진료결과 현황
서울,5417,2016,수술실→중환자실,응급진료결과 현황
서울,6980,2017,수술실→중환자실,응급진료결과 현황
서울,7398,2018,수술실→중환자실,응급진료결과 현황
서울,6736,2019,수술실→중환자실,응급진료결과 현황
서울,6565,2020,수술실→중환자실,응급진료결과 현황
서울,6476,2021,수술실→중환자실,응급진료결과 현황
서울,6688,2022,수술실→중환자실,응급진료결과 현황
서울,7430,2023,수술실→중환자실,응급진료결과 현황
서울,7207,2024,수술실→중환자실,응급진료결과 현황
부산,1770,2016,수술실→중환자실,응급진료결과 현황
부산,1837,2017,수술실→중환자실,응급진료결과 현황
부산,2344,2018,수술실→중환자실,응급진료결과 현황
부산,2278,2019,수술실→중환자실,응급진료결과 현황
부산,2296,2020,수술실→중환자실,응급진료결과 현황
부산,1910,2021,수술실→중환자실,응급진료결과 현황
부산,1874,2022,수술실→중환자실,응급진료결과 현황
부산,1925,2023,수술실→중환자실,응급진료결과 현황
부산,1952,2024,수술실→중환자실,응급진료결과 현황
대구,1085,2016,수술실→중환자실,응급진료결과 현황
대구,1394,2017,수술실→중환자실,응급진료결과 현황
대구,1589,2018,수술실→중환자실,응급진료결과 현황
대구,1484,2019,수술실→중환자실,응급진료결과 현황
대구,1291,2020,수술실→중환자실,응급진료결과 현황
대구,1210,2021,수술실→중환자실,응급진료결과 현황
대구,1204,2022,수술실→중환자실,응급진료결과 현황
대구,1335,2023,수술실→중환자실,응급진료결과 현황
대구,1106,2024,수술실→중환자실,응급진료결과 현황
인천,2332,2016,수술실→중환자실,응급진료결과 현황
인천,2583,2017,수술실→중환자실,응급진료결과 현황
인천,2494,2018,수술실→중환자실,응급진료결과 현황
인천,2585,2019,수술실→중환자실,응급진료결과 현황
인천,2615,2020,수술실→중환자실,응급진료결과 현황
인천,2642,2021,수술실→중환자실,응급진료결과 현황
인천,2386,2022,수술실→중환자실,응급진료결과 현황
인천,2748,2023,수술실→중환자실,응급진료결과 현황
인천,2892,2024,수술실→중환자실,응급진료결과 현황
광주,930,2016,수술실→중환자실,응급진료결과 현황
광주,953,2017,수술실→중환자실,응급진료결과 현황
광주,964,2018,수술실→중환자실,응급진료결과 현황
광주,1096,2019,수술실→중환자실,응급진료결과 현황
광주,1134,2020,수술실→중환자실,응급진료결과 현황
광주,1126,2021,수술실→중환자실,응급진료결과 현황
광주,911,2022,수술실→중환자실,응급진료결과 현황
광주,998,2023,수술실→중환자실,응급진료결과 현황
광주,1285,2024,수술실→중환자실,응급진료결과 현황
대전,1148,2016,수술실→중환자실,응급진료결과 현황
대전,1428,2017,수술실→중환자실,응급진료결과 현황
대전,1366,2018,수술실→중환자실,응급진료결과 현황
대전,1357,2019,수술실→중환자실,응급진료결과 현황
대전,1031,2020,수술실→중환자실,응급진료결과 현황
대전,979,2021,수술실→중환자실,응급진료결과 현황
대전,884,2022,수술실→중환자실,응급진료결과 현황
대전,1081,2023,수술실→중환자실,응급진료결과 현황
대전,1191,2024,수술실→중환자실,응급진료결과 현황
울산,674,2016,수술실→중환자실,응급진료결과 현황
울산,833,2017,수술실→중환자실,응급진료결과 현황
울산,909,2018,수술실→중환자실,응급진료결과 현황
울산,962,2019,수술실→중환자실,응급진료결과 현황
울산,976,2020,수술실→중환자실,응급진료결과 현황
울산,943,2021,수술실→중환자실,응급진료결과 현황
울산,932,2022,수술실→중환자실,응급진료결과 현황
울산,1242,2023,수술실→중환자실,응급진료결과 현황
울산,1296,2024,수술실→중환자실,응급진료결과 현황
세종,67,2020,수술실→중환자실,응급진료결과 현황
세종,122,2021,수술실→중환자실,응급진료결과 현황
세종,117,2022,수술실→중환자실,응급진료결과 현황
세종,114,2023,수술실→중환자실,응급진료결과 현황
세종,70,2024,수술실→중환자실,응급진료결과 현황
경기,5792,2016,수술실→중환자실,응급진료결과 현황
경기,6870,2017,수술실→중환자실,응급진료결과 현황
경기,7328,2018,수술실→중환자실,응급진료결과 현황
경기,8567,2019,수술실→중환자실,응급진료결과 현황
경기,7816,2020,수술실→중환자실,응급진료결과 현황
경기,8424,2021,수술실→중환자실,응급진료결과 현황
경기,7847,2022,수술실→중환자실,응급진료결과 현황
경기,9396,2023,수술실→중환자실,응급진료결과 현황
경기,9448,2024,수술실→중환자실,응급진료결과 현황
강원,1406,2016,수술실→중환자실,응급진료결과 현황
강원,1685,2017,수술실→중환자실,응급진료결과 현황
강원,1588,2018,수술실→중환자실,응급진료결과 현황
강원,1373,2019,수술실→중환자실,응급진료결과 현황
강원,1285,2020,수술실→중환자실,응급진료결과 현황
강원,1394,2021,수술실→중환자실,응급진료결과 현황
강원,1360,2022,수술실→중환자실,응급진료결과 현황
강원,1377,2023,수술실→중환자실,응급진료결과 현황
강원,1300,2024,수술실→중환자실,응급진료결과 현황
충북,549,2016,수술실→중환자실,응급진료결과 현황
충북,705,2017,수술실→중환자실,응급진료결과 현황
충북,994,2018,수술실→중환자실,응급진료결과 현황
충북,1377,2019,수술실→중환자실,응급진료결과 현황
충북,1161,2020,수술실→중환자실,응급진료결과 현황
충북,998,2021,수술실→중환자실,응급진료결과 현황
충북,916,2022,수술실→중환자실,응급진료결과 현황
충북,1203,2023,수술실→중환자실,응급진료결과 현황
충북,1418,2024,수술실→중환자실,응급진료결과 현황
충남,1205,2016,수술실→중환자실,응급진료결과 현황
충남,1145,2017,수술실→중환자실,응급진료결과 현황
충남,1315,2018,수술실→중환자실,응급진료결과 현황
충남,1379,2019,수술실→중환자실,응급진료결과 현황
충남,1413,2020,수술실→중환자실,응급진료결과 현황
충남,1594,2021,수술실→중환자실,응급진료결과 현황
충남,1453,2022,수술실→중환자실,응급진료결과 현황
충남,1554,2023,수술실→중환자실,응급진료결과 현황
충남,1660,2024,수술실→중환자실,응급진료결과 현황
전북,992,2016,수술실→중환자실,응급진료결과 현황
전북,1135,2017,수술실→중환자실,응급진료결과 현황
전북,1277,2018,수술실→중환자실,응급진료결과 현황
전북,1376,2019,수술실→중환자실,응급진료결과 현황
전북,1645,2020,수술실→중환자실,응급진료결과 현황
전북,1513,2021,수술실→중환자실,응급진료결과 현황
전북,1413,2022,수술실→중환자실,응급진료결과 현황
전북,1771,2023,수술실→중환자실,응급진료결과 현황
전북,1848,2024,수술실→중환자실,응급진료결과 현황
전남,1214,2016,수술실→중환자실,응급진료결과 현황
전남,1525,2017,수술실→중환자실,응급진료결과 현황
전남,1644,2018,수술실→중환자실,응급진료결과 현황
전남,1512,2019,수술실→중환자실,응급진료결과 현황
전남,1551,2020,수술실→중환자실,응급진료결과 현황
전남,1633,2021,수술실→중환자실,응급진료결과 현황
전남,1346,2022,수술실→중환자실,응급진료결과 현황
전남,1387,2023,수술실→중환자실,응급진료결과 현황
전남,1505,2024,수술실→중환자실,응급진료결과 현황
경북,1457,2016,수술실→중환자실,응급진료결과 현황
경북,1793,2017,수술실→중환자실,응급진료결과 현황
경북,1933,2018,수술실→중환자실,응급진료결과 현황
경북,2034,2019,수술실→중환자실,응급진료결과 현황
경북,1810,2020,수술실→중환자실,응급진료결과 현황
경북,1891,2021,수술실→중환자실,응급진료결과 현황
경북,1667,2022,수술실→중환자실,응급진료결과 현황
경북,1989,2023,수술실→중환자실,응급진료결과 현황
경북,2029,2024,수술실→중환자실,응급진료결과 현황
경남,1161,2016,수술실→중환자실,응급진료결과 현황
경남,1570,2017,수술실→중환자실,응급진료결과 현황
경남,1911,2018,수술실→중환자실,응급진료결과 현황
경남,2354,2019,수술실→중환자실,응급진료결과 현황
경남,2252,2020,수술실→중환자실,응급진료결과 현황
경남,2282,2021,수술실→중환자실,응급진료결과 현황
경남,2048,2022,수술실→중환자실,응급진료결과 현황
경남,2457,2023,수술실→중환자실,응급진료결과 현황
경남,2537,2024,수술실→중환자실,응급진료결과 현황
제주,774,2016,수술실→중환자실,응급진료결과 현황
제주,796,2017,수술실→중환자실,응급진료결과 현황
제주,865,2018,수술실→중환자실,응급진료결과 현황
제주,836,2019,수술실→중환자실,응급진료결과 현황
제주,913,2020,수술실→중환자실,응급진료결과 현황
제주,854,2021,수술실→중환자실,응급진료결과 현황
제주,872,2022,수술실→중환자실,응급진료결과 현황
제주,919,2023,수술실→중환자실,응급진료결과 현황
제주,849,2024,수술실→중환자실,응급진료결과 현황
전체,705,2016,기타,응급진료결과 현황
전체,811,2017,기타,응급진료결과 현황
전체,1098,2018,기타,응급진료결과 현황
전체,4038,2019,기타,응급진료결과 현황
전체,3519,2020,기타,응급진료결과 현황
전체,3902,2021,기타,응급진료결과 현황
전체,9511,2022,기타,응급진료결과 현황
전체,6628,2023,기타,응급진료결과 현황
전체,3952,2024,기타,응급진료결과 현황
서울,307,2016,기타,응급진료결과 현황
서울,161,2017,기타,응급진료결과 현황
서울,77,2018,기타,응급진료결과 현황
서울,307,2019,기타,응급진료결과 현황
서울,310,2020,기타,응급진료결과 현황
서울,563,2021,기타,응급진료결과 현황
서울,911,2022,기타,응급진료결과 현황
서울,658,2023,기타,응급진료결과 현황
서울,527,2024,기타,응급진료결과 현황
부산,38,2016,기타,응급진료결과 현황
부산,45,2017,기타,응급진료결과 현황
부산,17,2018,기타,응급진료결과 현황
부산,44,2019,기타,응급진료결과 현황
부산,59,2020,기타,응급진료결과 현황
부산,34,2021,기타,응급진료결과 현황
부산,42,2022,기타,응급진료결과 현황
부산,20,2023,기타,응급진료결과 현황
부산,15,2024,기타,응급진료결과 현황
대구,9,2016,기타,응급진료결과 현황
대구,8,2017,기타,응급진료결과 현황
대구,-,2018,기타,응급진료결과 현황
대구,1,2019,기타,응급진료결과 현황
대구,1,2020,기타,응급진료결과 현황
대구,2,2021,기타,응급진료결과 현황
대구,39,2022,기타,응급진료결과 현황
대구,5,2023,기타,응급진료결과 현황
대구,28,2024,기타,응급진료결과 현황
인천,-,2016,기타,응급진료결과 현황
인천,2,2017,기타,응급진료결과 현황
인천,1,2018,기타,응급진료결과 현황
인천,45,2019,기타,응급진료결과 현황
인천,171,2020,기타,응급진료결과 현황
인천,208,2021,기타,응급진료결과 현황
인천,2661,2022,기타,응급진료결과 현황
인천,975,2023,기타,응급진료결과 현황
인천,265,2024,기타,응급진료결과 현황
광주,52,2016,기타,응급진료결과 현황
광주,18,2017,기타,응급진료결과 현황
광주,3,2018,기타,응급진료결과 현황
광주,26,2019,기타,응급진료결과 현황
광주,14,2020,기타,응급진료결과 현황
광주,9,2021,기타,응급진료결과 현황
광주,11,2022,기타,응급진료결과 현황
광주,7,2023,기타,응급진료결과 현황
광주,7,2024,기타,응급진료결과 현황
대전,2,2016,기타,응급진료결과 현황
대전,4,2017,기타,응급진료결과 현황
대전,306,2018,기타,응급진료결과 현황
대전,1257,2019,기타,응급진료결과 현황
대전,1202,2020,기타,응급진료결과 현황
대전,1170,2021,기타,응급진료결과 현황
대전,1083,2022,기타,응급진료결과 현황
대전,1081,2023,기타,응급진료결과 현황
대전,718,2024,기타,응급진료결과 현황
울산,1,2016,기타,응급진료결과 현황
울산,-,2017,기타,응급진료결과 현황
울산,-,2018,기타,응급진료결과 현황
울산,111,2019,기타,응급진료결과 현황
울산,27,2020,기타,응급진료결과 현황
울산,33,2021,기타,응급진료결과 현황
울산,177,2022,기타,응급진료결과 현황
울산,188,2023,기타,응급진료결과 현황
울산,53,2024,기타,응급진료결과 현황
세종,119,2020,기타,응급진료결과 현황
세종,277,2021,기타,응급진료결과 현황
세종,264,2022,기타,응급진료결과 현황
세종,300,2023,기타,응급진료결과 현황
세종,244,2024,기타,응급진료결과 현황
경기,229,2016,기타,응급진료결과 현황
경기,553,2017,기타,응급진료결과 현황
경기,624,2018,기타,응급진료결과 현황
경기,1251,2019,기타,응급진료결과 현황
경기,827,2020,기타,응급진료결과 현황
경기,803,2021,기타,응급진료결과 현황
경기,2639,2022,기타,응급진료결과 현황
경기,2164,2023,기타,응급진료결과 현황
경기,1283,2024,기타,응급진료결과 현황
강원,1,2016,기타,응급진료결과 현황
강원,-,2017,기타,응급진료결과 현황
강원,-,2018,기타,응급진료결과 현황
강원,4,2019,기타,응급진료결과 현황
강원,17,2020,기타,응급진료결과 현황
강원,189,2021,기타,응급진료결과 현황
강원,753,2022,기타,응급진료결과 현황
강원,611,2023,기타,응급진료결과 현황
강원,241,2024,기타,응급진료결과 현황
충북,5,2016,기타,응급진료결과 현황
충북,2,2017,기타,응급진료결과 현황
충북,-,2018,기타,응급진료결과 현황
충북,3,2019,기타,응급진료결과 현황
충북,-,2020,기타,응급진료결과 현황
충북,1,2021,기타,응급진료결과 현황
충북,84,2022,기타,응급진료결과 현황
충북,3,2023,기타,응급진료결과 현황
충북,-,2024,기타,응급진료결과 현황
충남,22,2016,기타,응급진료결과 현황
충남,6,2017,기타,응급진료결과 현황
충남,3,2018,기타,응급진료결과 현황
충남,290,2019,기타,응급진료결과 현황
충남,200,2020,기타,응급진료결과 현황
충남,150,2021,기타,응급진료결과 현황
충남,343,2022,기타,응급진료결과 현황
충남,322,2023,기타,응급진료결과 현황
충남,208,2024,기타,응급진료결과 현황
전북,5,2016,기타,응급진료결과 현황
전북,3,2017,기타,응급진료결과 현황
전북,3,2018,기타,응급진료결과 현황
전북,1,2019,기타,응급진료결과 현황
전북,4,2020,기타,응급진료결과 현황
전북,-,2021,기타,응급진료결과 현황
전북,3,2022,기타,응급진료결과 현황
전북,1,2023,기타,응급진료결과 현황
전북,125,2024,기타,응급진료결과 현황
전남,1,2016,기타,응급진료결과 현황
전남,5,2017,기타,응급진료결과 현황
전남,-,2018,기타,응급진료결과 현황
전남,-,2019,기타,응급진료결과 현황
전남,4,2020,기타,응급진료결과 현황
전남,1,2021,기타,응급진료결과 현황
전남,17,2022,기타,응급진료결과 현황
전남,2,2023,기타,응급진료결과 현황
전남,-,2024,기타,응급진료결과 현황
경북,9,2016,기타,응급진료결과 현황
경북,2,2017,기타,응급진료결과 현황
경북,10,2018,기타,응급진료결과 현황
경북,52,2019,기타,응급진료결과 현황
경북,34,2020,기타,응급진료결과 현황
경북,14,2021,기타,응급진료결과 현황
경북,124,2022,기타,응급진료결과 현황
경북,35,2023,기타,응급진료결과 현황
경북,22,2024,기타,응급진료결과 현황
경남,15,2016,기타,응급진료결과 현황
경남,1,2017,기타,응급진료결과 현황
경남,28,2018,기타,응급진료결과 현황
경남,575,2019,기타,응급진료결과 현황
경남,470,2020,기타,응급진료결과 현황
경남,411,2021,기타,응급진료결과 현황
경남,313,2022,기타,응급진료결과 현황
경남,240,2023,기타,응급진료결과 현황
경남,215,2024,기타,응급진료결과 현황
제주,9,2016,기타,응급진료결과 현황
제주,1,2017,기타,응급진료결과 현황
제주,26,2018,기타,응급진료결과 현황
제주,71,2019,기타,응급진료결과 현황
제주,60,2020,기타,응급진료결과 현황
제주,37,2021,기타,응급진료결과 현황
제주,47,2022,기타,응급진료결과 현황
제주,16,2023,기타,응급진료결과 현황
제주,1,2024,기타,응급진료결과 현황
전체,81613,2016,전원,응급진료결과 현황
전체,88211,2017,전원,응급진료결과 현황
전체,95016,2018,전원,응급진료결과 현황
전체,103804,2019,전원,응급진료결과 현황
전체,78580,2020,전원,응급진료결과 현황
전체,81168,2021,전원,응급진료결과 현황
전체,85023,2022,전원,응급진료결과 현황
전체,89499,2023,전원,응급진료결과 현황
전체,73603,2024,전원,응급진료결과 현황
서울,17895,2016,전원,응급진료결과 현황
서울,22778,2017,전원,응급진료결과 현황
서울,29840,2018,전원,응급진료결과 현황
서울,32982,2019,전원,응급진료결과 현황
서울,24274,2020,전원,응급진료결과 현황
서울,24930,2021,전원,응급진료결과 현황
서울,25470,2022,전원,응급진료결과 현황
서울,27415,2023,전원,응급진료결과 현황
서울,20850,2024,전원,응급진료결과 현황
부산,3599,2016,전원,응급진료결과 현황
부산,2800,2017,전원,응급진료결과 현황
부산,2293,2018,전원,응급진료결과 현황
부산,2779,2019,전원,응급진료결과 현황
부산,2543,2020,전원,응급진료결과 현황
부산,2474,2021,전원,응급진료결과 현황
부산,2673,2022,전원,응급진료결과 현황
부산,2493,2023,전원,응급진료결과 현황
부산,2019,2024,전원,응급진료결과 현황
대구,6697,2016,전원,응급진료결과 현황
대구,7473,2017,전원,응급진료결과 현황
대구,7352,2018,전원,응급진료결과 현황
대구,7670,2019,전원,응급진료결과 현황
대구,4912,2020,전원,응급진료결과 현황
대구,5301,2021,전원,응급진료결과 현황
대구,5654,2022,전원,응급진료결과 현황
대구,5084,2023,전원,응급진료결과 현황
대구,3942,2024,전원,응급진료결과 현황
인천,3157,2016,전원,응급진료결과 현황
인천,4571,2017,전원,응급진료결과 현황
인천,4893,2018,전원,응급진료결과 현황
인천,6142,2019,전원,응급진료결과 현황
인천,4898,2020,전원,응급진료결과 현황
인천,4904,2021,전원,응급진료결과 현황
인천,5757,2022,전원,응급진료결과 현황
인천,5478,2023,전원,응급진료결과 현황
인천,5004,2024,전원,응급진료결과 현황
광주,3747,2016,전원,응급진료결과 현황
광주,3036,2017,전원,응급진료결과 현황
광주,2719,2018,전원,응급진료결과 현황
광주,2419,2019,전원,응급진료결과 현황
광주,2303,2020,전원,응급진료결과 현황
광주,2844,2021,전원,응급진료결과 현황
광주,2729,2022,전원,응급진료결과 현황
광주,2623,2023,전원,응급진료결과 현황
광주,2227,2024,전원,응급진료결과 현황
대전,1063,2016,전원,응급진료결과 현황
대전,1032,2017,전원,응급진료결과 현황
대전,1398,2018,전원,응급진료결과 현황
대전,1105,2019,전원,응급진료결과 현황
대전,733,2020,전원,응급진료결과 현황
대전,660,2021,전원,응급진료결과 현황
대전,733,2022,전원,응급진료결과 현황
대전,739,2023,전원,응급진료결과 현황
대전,662,2024,전원,응급진료결과 현황
울산,499,2016,전원,응급진료결과 현황
울산,718,2017,전원,응급진료결과 현황
울산,704,2018,전원,응급진료결과 현황
울산,696,2019,전원,응급진료결과 현황
울산,628,2020,전원,응급진료결과 현황
울산,668,2021,전원,응급진료결과 현황
울산,847,2022,전원,응급진료결과 현황
울산,2245,2023,전원,응급진료결과 현황
울산,1901,2024,전원,응급진료결과 현황
세종,122,2020,전원,응급진료결과 현황
세종,193,2021,전원,응급진료결과 현황
세종,190,2022,전원,응급진료결과 현황
세종,229,2023,전원,응급진료결과 현황
세종,184,2024,전원,응급진료결과 현황
경기,13474,2016,전원,응급진료결과 현황
경기,14022,2017,전원,응급진료결과 현황
경기,15044,2018,전원,응급진료결과 현황
경기,17349,2019,전원,응급진료결과 현황
경기,12171,2020,전원,응급진료결과 현황
경기,12880,2021,전원,응급진료결과 현황
경기,13710,2022,전원,응급진료결과 현황
경기,15133,2023,전원,응급진료결과 현황
경기,12661,2024,전원,응급진료결과 현황
강원,4051,2016,전원,응급진료결과 현황
강원,3102,2017,전원,응급진료결과 현황
강원,3079,2018,전원,응급진료결과 현황
강원,2934,2019,전원,응급진료결과 현황
강원,2816,2020,전원,응급진료결과 현황
강원,2913,2021,전원,응급진료결과 현황
강원,3279,2022,전원,응급진료결과 현황
강원,3129,2023,전원,응급진료결과 현황
강원,2744,2024,전원,응급진료결과 현황
충북,2323,2016,전원,응급진료결과 현황
충북,2500,2017,전원,응급진료결과 현황
충북,2341,2018,전원,응급진료결과 현황
충북,2979,2019,전원,응급진료결과 현황
충북,2014,2020,전원,응급진료결과 현황
충북,2079,2021,전원,응급진료결과 현황
충북,2209,2022,전원,응급진료결과 현황
충북,2215,2023,전원,응급진료결과 현황
충북,2583,2024,전원,응급진료결과 현황
충남,5918,2016,전원,응급진료결과 현황
충남,6626,2017,전원,응급진료결과 현황
충남,6290,2018,전원,응급진료결과 현황
충남,6389,2019,전원,응급진료결과 현황
충남,4956,2020,전원,응급진료결과 현황
충남,5221,2021,전원,응급진료결과 현황
충남,5587,2022,전원,응급진료결과 현황
충남,5294,2023,전원,응급진료결과 현황
충남,4079,2024,전원,응급진료결과 현황
전북,5393,2016,전원,응급진료결과 현황
전북,5733,2017,전원,응급진료결과 현황
전북,4299,2018,전원,응급진료결과 현황
전북,4900,2019,전원,응급진료결과 현황
전북,4333,2020,전원,응급진료결과 현황
전북,4193,2021,전원,응급진료결과 현황
전북,4568,2022,전원,응급진료결과 현황
전북,4785,2023,전원,응급진료결과 현황
전북,4386,2024,전원,응급진료결과 현황
전남,3289,2016,전원,응급진료결과 현황
전남,2981,2017,전원,응급진료결과 현황
전남,3524,2018,전원,응급진료결과 현황
전남,3797,2019,전원,응급진료결과 현황
전남,3202,2020,전원,응급진료결과 현황
전남,2843,2021,전원,응급진료결과 현황
전남,2730,2022,전원,응급진료결과 현황
전남,3243,2023,전원,응급진료결과 현황
전남,2184,2024,전원,응급진료결과 현황
경북,3532,2016,전원,응급진료결과 현황
경북,3655,2017,전원,응급진료결과 현황
경북,3872,2018,전원,응급진료결과 현황
경북,4081,2019,전원,응급진료결과 현황
경북,3140,2020,전원,응급진료결과 현황
경북,3565,2021,전원,응급진료결과 현황
경북,3614,2022,전원,응급진료결과 현황
경북,3707,2023,전원,응급진료결과 현황
경북,2648,2024,전원,응급진료결과 현황
경남,5334,2016,전원,응급진료결과 현황
경남,5267,2017,전원,응급진료결과 현황
경남,5403,2018,전원,응급진료결과 현황
경남,5560,2019,전원,응급진료결과 현황
경남,3997,2020,전원,응급진료결과 현황
경남,3919,2021,전원,응급진료결과 현황
경남,3432,2022,전원,응급진료결과 현황
경남,3970,2023,전원,응급진료결과 현황
경남,4031,2024,전원,응급진료결과 현황
제주,1642,2016,전원,응급진료결과 현황
제주,1917,2017,전원,응급진료결과 현황
제주,1965,2018,전원,응급진료결과 현황
제주,2022,2019,전원,응급진료결과 현황
제주,1538,2020,전원,응급진료결과 현황
제주,1581,2021,전원,응급진료결과 현황
제주,1841,2022,전원,응급진료결과 현황
제주,1717,2023,전원,응급진료결과 현황
제주,1498,2024,전원,응급진료결과 현황
전체,5850,2019,회송,응급진료결과 현황
전체,4477,2020,회송,응급진료결과 현황
전체,4184,2021,회송,응급진료결과 현황
전체,3940,2022,회송,응급진료결과 현황
전체,4951,2023,회송,응급진료결과 현황
전체,4939,2024,회송,응급진료결과 현황
서울,1845,2019,회송,응급진료결과 현황
서울,1382,2020,회송,응급진료결과 현황
서울,1220,2021,회송,응급진료결과 현황
서울,1134,2022,회송,응급진료결과 현황
서울,1471,2023,회송,응급진료결과 현황
서울,1378,2024,회송,응급진료결과 현황
부산,109,2019,회송,응급진료결과 현황
부산,253,2020,회송,응급진료결과 현황
부산,214,2021,회송,응급진료결과 현황
부산,198,2022,회송,응급진료결과 현황
부산,181,2023,회송,응급진료결과 현황
부산,148,2024,회송,응급진료결과 현황
대구,177,2019,회송,응급진료결과 현황
대구,72,2020,회송,응급진료결과 현황
대구,58,2021,회송,응급진료결과 현황
대구,78,2022,회송,응급진료결과 현황
대구,74,2023,회송,응급진료결과 현황
대구,71,2024,회송,응급진료결과 현황
인천,873,2019,회송,응급진료결과 현황
인천,679,2020,회송,응급진료결과 현황
인천,586,2021,회송,응급진료결과 현황
인천,602,2022,회송,응급진료결과 현황
인천,744,2023,회송,응급진료결과 현황
인천,859,2024,회송,응급진료결과 현황
광주,201,2019,회송,응급진료결과 현황
광주,189,2020,회송,응급진료결과 현황
광주,188,2021,회송,응급진료결과 현황
광주,176,2022,회송,응급진료결과 현황
광주,209,2023,회송,응급진료결과 현황
광주,213,2024,회송,응급진료결과 현황
대전,36,2019,회송,응급진료결과 현황
대전,37,2020,회송,응급진료결과 현황
대전,28,2021,회송,응급진료결과 현황
대전,19,2022,회송,응급진료결과 현황
대전,18,2023,회송,응급진료결과 현황
대전,48,2024,회송,응급진료결과 현황
울산,25,2019,회송,응급진료결과 현황
울산,14,2020,회송,응급진료결과 현황
울산,14,2021,회송,응급진료결과 현황
울산,92,2022,회송,응급진료결과 현황
울산,142,2023,회송,응급진료결과 현황
울산,174,2024,회송,응급진료결과 현황
세종,1,2020,회송,응급진료결과 현황
세종,-,2021,회송,응급진료결과 현황
세종,2,2022,회송,응급진료결과 현황
세종,3,2023,회송,응급진료결과 현황
세종,9,2024,회송,응급진료결과 현황
경기,810,2019,회송,응급진료결과 현황
경기,561,2020,회송,응급진료결과 현황
경기,602,2021,회송,응급진료결과 현황
경기,476,2022,회송,응급진료결과 현황
경기,747,2023,회송,응급진료결과 현황
경기,725,2024,회송,응급진료결과 현황
강원,167,2019,회송,응급진료결과 현황
강원,82,2020,회송,응급진료결과 현황
강원,97,2021,회송,응급진료결과 현황
강원,89,2022,회송,응급진료결과 현황
강원,107,2023,회송,응급진료결과 현황
강원,87,2024,회송,응급진료결과 현황
충북,196,2019,회송,응급진료결과 현황
충북,116,2020,회송,응급진료결과 현황
충북,116,2021,회송,응급진료결과 현황
충북,102,2022,회송,응급진료결과 현황
충북,112,2023,회송,응급진료결과 현황
충북,116,2024,회송,응급진료결과 현황
충남,39,2019,회송,응급진료결과 현황
충남,42,2020,회송,응급진료결과 현황
충남,67,2021,회송,응급진료결과 현황
충남,49,2022,회송,응급진료결과 현황
충남,42,2023,회송,응급진료결과 현황
충남,13,2024,회송,응급진료결과 현황
전북,151,2019,회송,응급진료결과 현황
전북,185,2020,회송,응급진료결과 현황
전북,156,2021,회송,응급진료결과 현황
전북,161,2022,회송,응급진료결과 현황
전북,199,2023,회송,응급진료결과 현황
전북,175,2024,회송,응급진료결과 현황
전남,319,2019,회송,응급진료결과 현황
전남,302,2020,회송,응급진료결과 현황
전남,263,2021,회송,응급진료결과 현황
전남,196,2022,회송,응급진료결과 현황
전남,280,2023,회송,응급진료결과 현황
전남,286,2024,회송,응급진료결과 현황
경북,163,2019,회송,응급진료결과 현황
경북,96,2020,회송,응급진료결과 현황
경북,112,2021,회송,응급진료결과 현황
경북,66,2022,회송,응급진료결과 현황
경북,95,2023,회송,응급진료결과 현황
경북,113,2024,회송,응급진료결과 현황
경남,630,2019,회송,응급진료결과 현황
경남,371,2020,회송,응급진료결과 현황
경남,342,2021,회송,응급진료결과 현황
경남,360,2022,회송,응급진료결과 현황
경남,402,2023,회송,응급진료결과 현황
경남,391,2024,회송,응급진료결과 현황
제주,109,2019,회송,응급진료결과 현황
제주,95,2020,회송,응급진료결과 현황
제주,121,2021,회송,응급진료결과 현황
제주,140,2022,회송,응급진료결과 현황
제주,125,2023,회송,응급진료결과 현황
제주,133,2024,회송,응급진료결과 현황
전체,8272,2016,병실부족,응급진료결과 현황
전체,10816,2017,병실부족,응급진료결과 현황
전체,16793,2018,병실부족,응급진료결과 현황
전체,20113,2019,병실부족,응급진료결과 현황
전체,13796,2020,병실부족,응급진료결과 현황
전체,16243,2021,병실부족,응급진료결과 현황
전체,16720,2022,병실부족,응급진료결과 현황
전체,15728,2023,병실부족,응급진료결과 현황
전체,8879,2024,병실부족,응급진료결과 현황
서울,5697,2016,병실부족,응급진료결과 현황
서울,8676,2017,병실부족,응급진료결과 현황
서울,13986,2018,병실부족,응급진료결과 현황
서울,16578,2019,병실부족,응급진료결과 현황
서울,11601,2020,병실부족,응급진료결과 현황
서울,13173,2021,병실부족,응급진료결과 현황
서울,12615,2022,병실부족,응급진료결과 현황
서울,13136,2023,병실부족,응급진료결과 현황
서울,6932,2024,병실부족,응급진료결과 현황
부산,91,2016,병실부족,응급진료결과 현황
부산,78,2017,병실부족,응급진료결과 현황
부산,80,2018,병실부족,응급진료결과 현황
부산,110,2019,병실부족,응급진료결과 현황
부산,63,2020,병실부족,응급진료결과 현황
부산,97,2021,병실부족,응급진료결과 현황
부산,56,2022,병실부족,응급진료결과 현황
부산,75,2023,병실부족,응급진료결과 현황
부산,34,2024,병실부족,응급진료결과 현황
대구,263,2016,병실부족,응급진료결과 현황
대구,159,2017,병실부족,응급진료결과 현황
대구,360,2018,병실부족,응급진료결과 현황
대구,1043,2019,병실부족,응급진료결과 현황
대구,659,2020,병실부족,응급진료결과 현황
대구,909,2021,병실부족,응급진료결과 현황
대구,901,2022,병실부족,응급진료결과 현황
대구,471,2023,병실부족,응급진료결과 현황
대구,593,2024,병실부족,응급진료결과 현황
인천,85,2016,병실부족,응급진료결과 현황
인천,107,2017,병실부족,응급진료결과 현황
인천,153,2018,병실부족,응급진료결과 현황
인천,187,2019,병실부족,응급진료결과 현황
인천,70,2020,병실부족,응급진료결과 현황
인천,88,2021,병실부족,응급진료결과 현황
인천,497,2022,병실부족,응급진료결과 현황
인천,159,2023,병실부족,응급진료결과 현황
인천,56,2024,병실부족,응급진료결과 현황
광주,267,2016,병실부족,응급진료결과 현황
광주,166,2017,병실부족,응급진료결과 현황
광주,133,2018,병실부족,응급진료결과 현황
광주,130,2019,병실부족,응급진료결과 현황
광주,75,2020,병실부족,응급진료결과 현황
광주,150,2021,병실부족,응급진료결과 현황
광주,167,2022,병실부족,응급진료결과 현황
광주,158,2023,병실부족,응급진료결과 현황
광주,152,2024,병실부족,응급진료결과 현황
대전,52,2016,병실부족,응급진료결과 현황
대전,73,2017,병실부족,응급진료결과 현황
대전,106,2018,병실부족,응급진료결과 현황
대전,72,2019,병실부족,응급진료결과 현황
대전,23,2020,병실부족,응급진료결과 현황
대전,25,2021,병실부족,응급진료결과 현황
대전,59,2022,병실부족,응급진료결과 현황
대전,22,2023,병실부족,응급진료결과 현황
대전,5,2024,병실부족,응급진료결과 현황
울산,14,2016,병실부족,응급진료결과 현황
울산,15,2017,병실부족,응급진료결과 현황
울산,6,2018,병실부족,응급진료결과 현황
울산,3,2019,병실부족,응급진료결과 현황
울산,3,2020,병실부족,응급진료결과 현황
울산,11,2021,병실부족,응급진료결과 현황
울산,2,2022,병실부족,응급진료결과 현황
울산,72,2023,병실부족,응급진료결과 현황
울산,117,2024,병실부족,응급진료결과 현황
세종,-,2020,병실부족,응급진료결과 현황
세종,2,2021,병실부족,응급진료결과 현황
세종,-,2022,병실부족,응급진료결과 현황
세종,10,2023,병실부족,응급진료결과 현황
세종,1,2024,병실부족,응급진료결과 현황
경기,984,2016,병실부족,응급진료결과 현황
경기,906,2017,병실부족,응급진료결과 현황
경기,1283,2018,병실부족,응급진료결과 현황
경기,1369,2019,병실부족,응급진료결과 현황
경기,829,2020,병실부족,응급진료결과 현황
경기,1270,2021,병실부족,응급진료결과 현황
경기,1705,2022,병실부족,응급진료결과 현황
경기,1154,2023,병실부족,응급진료결과 현황
경기,599,2024,병실부족,응급진료결과 현황
강원,49,2016,병실부족,응급진료결과 현황
강원,45,2017,병실부족,응급진료결과 현황
강원,29,2018,병실부족,응급진료결과 현황
강원,45,2019,병실부족,응급진료결과 현황
강원,19,2020,병실부족,응급진료결과 현황
강원,47,2021,병실부족,응급진료결과 현황
강원,77,2022,병실부족,응급진료결과 현황
강원,30,2023,병실부족,응급진료결과 현황
강원,42,2024,병실부족,응급진료결과 현황
충북,29,2016,병실부족,응급진료결과 현황
충북,20,2017,병실부족,응급진료결과 현황
충북,41,2018,병실부족,응급진료결과 현황
충북,64,2019,병실부족,응급진료결과 현황
충북,48,2020,병실부족,응급진료결과 현황
충북,35,2021,병실부족,응급진료결과 현황
충북,50,2022,병실부족,응급진료결과 현황
충북,29,2023,병실부족,응급진료결과 현황
충북,11,2024,병실부족,응급진료결과 현황
충남,202,2016,병실부족,응급진료결과 현황
충남,191,2017,병실부족,응급진료결과 현황
충남,224,2018,병실부족,응급진료결과 현황
충남,205,2019,병실부족,응급진료결과 현황
충남,142,2020,병실부족,응급진료결과 현황
충남,129,2021,병실부족,응급진료결과 현황
충남,147,2022,병실부족,응급진료결과 현황
충남,75,2023,병실부족,응급진료결과 현황
충남,40,2024,병실부족,응급진료결과 현황
전북,34,2016,병실부족,응급진료결과 현황
전북,40,2017,병실부족,응급진료결과 현황
전북,21,2018,병실부족,응급진료결과 현황
전북,39,2019,병실부족,응급진료결과 현황
전북,66,2020,병실부족,응급진료결과 현황
전북,52,2021,병실부족,응급진료결과 현황
전북,191,2022,병실부족,응급진료결과 현황
전북,98,2023,병실부족,응급진료결과 현황
전북,59,2024,병실부족,응급진료결과 현황
전남,55,2016,병실부족,응급진료결과 현황
전남,65,2017,병실부족,응급진료결과 현황
전남,101,2018,병실부족,응급진료결과 현황
전남,75,2019,병실부족,응급진료결과 현황
전남,38,2020,병실부족,응급진료결과 현황
전남,24,2021,병실부족,응급진료결과 현황
전남,28,2022,병실부족,응급진료결과 현황
전남,29,2023,병실부족,응급진료결과 현황
전남,32,2024,병실부족,응급진료결과 현황
경북,28,2016,병실부족,응급진료결과 현황
경북,22,2017,병실부족,응급진료결과 현황
경북,16,2018,병실부족,응급진료결과 현황
경북,31,2019,병실부족,응급진료결과 현황
경북,8,2020,병실부족,응급진료결과 현황
경북,10,2021,병실부족,응급진료결과 현황
경북,28,2022,병실부족,응급진료결과 현황
경북,23,2023,병실부족,응급진료결과 현황
경북,7,2024,병실부족,응급진료결과 현황
경남,292,2016,병실부족,응급진료결과 현황
경남,139,2017,병실부족,응급진료결과 현황
경남,177,2018,병실부족,응급진료결과 현황
경남,107,2019,병실부족,응급진료결과 현황
경남,67,2020,병실부족,응급진료결과 현황
경남,93,2021,병실부족,응급진료결과 현황
경남,82,2022,병실부족,응급진료결과 현황
경남,44,2023,병실부족,응급진료결과 현황
경남,54,2024,병실부족,응급진료결과 현황
제주,130,2016,병실부족,응급진료결과 현황
제주,114,2017,병실부족,응급진료결과 현황
제주,77,2018,병실부족,응급진료결과 현황
제주,55,2019,병실부족,응급진료결과 현황
제주,85,2020,병실부족,응급진료결과 현황
제주,128,2021,병실부족,응급진료결과 현황
제주,115,2022,병실부족,응급진료결과 현황
제주,143,2023,병실부족,응급진료결과 현황
제주,145,2024,병실부족,응급진료결과 현황
전체,3069,2016,중환자실 부족,응급진료결과 현황
전체,3521,2017,중환자실 부족,응급진료결과 현황
전체,5087,2018,중환자실 부족,응급진료결과 현황
전체,4961,2019,중환자실 부족,응급진료결과 현황
전체,3044,2020,중환자실 부족,응급진료결과 현황
전체,2984,2021,중환자실 부족,응급진료결과 현황
전체,2796,2022,중환자실 부족,응급진료결과 현황
전체,2308,2023,중환자실 부족,응급진료결과 현황
전체,1657,2024,중환자실 부족,응급진료결과 현황
서울,1254,2016,중환자실 부족,응급진료결과 현황
서울,1297,2017,중환자실 부족,응급진료결과 현황
서울,2254,2018,중환자실 부족,응급진료결과 현황
서울,2274,2019,중환자실 부족,응급진료결과 현황
서울,1417,2020,중환자실 부족,응급진료결과 현황
서울,1480,2021,중환자실 부족,응급진료결과 현황
서울,1148,2022,중환자실 부족,응급진료결과 현황
서울,1006,2023,중환자실 부족,응급진료결과 현황
서울,727,2024,중환자실 부족,응급진료결과 현황
부산,16,2016,중환자실 부족,응급진료결과 현황
부산,27,2017,중환자실 부족,응급진료결과 현황
부산,87,2018,중환자실 부족,응급진료결과 현황
부산,89,2019,중환자실 부족,응급진료결과 현황
부산,34,2020,중환자실 부족,응급진료결과 현황
부산,27,2021,중환자실 부족,응급진료결과 현황
부산,32,2022,중환자실 부족,응급진료결과 현황
부산,13,2023,중환자실 부족,응급진료결과 현황
부산,29,2024,중환자실 부족,응급진료결과 현황
대구,34,2016,중환자실 부족,응급진료결과 현황
대구,53,2017,중환자실 부족,응급진료결과 현황
대구,66,2018,중환자실 부족,응급진료결과 현황
대구,107,2019,중환자실 부족,응급진료결과 현황
대구,58,2020,중환자실 부족,응급진료결과 현황
대구,64,2021,중환자실 부족,응급진료결과 현황
대구,110,2022,중환자실 부족,응급진료결과 현황
대구,62,2023,중환자실 부족,응급진료결과 현황
대구,50,2024,중환자실 부족,응급진료결과 현황
인천,88,2016,중환자실 부족,응급진료결과 현황
인천,63,2017,중환자실 부족,응급진료결과 현황
인천,71,2018,중환자실 부족,응급진료결과 현황
인천,93,2019,중환자실 부족,응급진료결과 현황
인천,110,2020,중환자실 부족,응급진료결과 현황
인천,86,2021,중환자실 부족,응급진료결과 현황
인천,153,2022,중환자실 부족,응급진료결과 현황
인천,101,2023,중환자실 부족,응급진료결과 현황
인천,66,2024,중환자실 부족,응급진료결과 현황
광주,70,2016,중환자실 부족,응급진료결과 현황
광주,48,2017,중환자실 부족,응급진료결과 현황
광주,31,2018,중환자실 부족,응급진료결과 현황
광주,22,2019,중환자실 부족,응급진료결과 현황
광주,19,2020,중환자실 부족,응급진료결과 현황
광주,44,2021,중환자실 부족,응급진료결과 현황
광주,34,2022,중환자실 부족,응급진료결과 현황
광주,24,2023,중환자실 부족,응급진료결과 현황
광주,28,2024,중환자실 부족,응급진료결과 현황
대전,80,2016,중환자실 부족,응급진료결과 현황
대전,116,2017,중환자실 부족,응급진료결과 현황
대전,211,2018,중환자실 부족,응급진료결과 현황
대전,177,2019,중환자실 부족,응급진료결과 현황
대전,117,2020,중환자실 부족,응급진료결과 현황
대전,92,2021,중환자실 부족,응급진료결과 현황
대전,50,2022,중환자실 부족,응급진료결과 현황
대전,32,2023,중환자실 부족,응급진료결과 현황
대전,22,2024,중환자실 부족,응급진료결과 현황
울산,19,2016,중환자실 부족,응급진료결과 현황
울산,34,2017,중환자실 부족,응급진료결과 현황
울산,26,2018,중환자실 부족,응급진료결과 현황
울산,23,2019,중환자실 부족,응급진료결과 현황
울산,27,2020,중환자실 부족,응급진료결과 현황
울산,27,2021,중환자실 부족,응급진료결과 현황
울산,17,2022,중환자실 부족,응급진료결과 현황
울산,54,2023,중환자실 부족,응급진료결과 현황
울산,71,2024,중환자실 부족,응급진료결과 현황
세종,11,2020,중환자실 부족,응급진료결과 현황
세종,20,2021,중환자실 부족,응급진료결과 현황
세종,29,2022,중환자실 부족,응급진료결과 현황
세종,33,2023,중환자실 부족,응급진료결과 현황
세종,13,2024,중환자실 부족,응급진료결과 현황
경기,913,2016,중환자실 부족,응급진료결과 현황
경기,1021,2017,중환자실 부족,응급진료결과 현황
경기,1453,2018,중환자실 부족,응급진료결과 현황
경기,1391,2019,중환자실 부족,응급진료결과 현황
경기,770,2020,중환자실 부족,응급진료결과 현황
경기,703,2021,중환자실 부족,응급진료결과 현황
경기,725,2022,중환자실 부족,응급진료결과 현황
경기,597,2023,중환자실 부족,응급진료결과 현황
경기,326,2024,중환자실 부족,응급진료결과 현황
강원,34,2016,중환자실 부족,응급진료결과 현황
강원,34,2017,중환자실 부족,응급진료결과 현황
강원,69,2018,중환자실 부족,응급진료결과 현황
강원,64,2019,중환자실 부족,응급진료결과 현황
강원,69,2020,중환자실 부족,응급진료결과 현황
강원,50,2021,중환자실 부족,응급진료결과 현황
강원,70,2022,중환자실 부족,응급진료결과 현황
강원,49,2023,중환자실 부족,응급진료결과 현황
강원,29,2024,중환자실 부족,응급진료결과 현황
충북,108,2016,중환자실 부족,응급진료결과 현황
충북,276,2017,중환자실 부족,응급진료결과 현황
충북,165,2018,중환자실 부족,응급진료결과 현황
충북,92,2019,중환자실 부족,응급진료결과 현황
충북,86,2020,중환자실 부족,응급진료결과 현황
충북,55,2021,중환자실 부족,응급진료결과 현황
충북,42,2022,중환자실 부족,응급진료결과 현황
충북,60,2023,중환자실 부족,응급진료결과 현황
충북,55,2024,중환자실 부족,응급진료결과 현황
충남,80,2016,중환자실 부족,응급진료결과 현황
충남,214,2017,중환자실 부족,응급진료결과 현황
충남,312,2018,중환자실 부족,응급진료결과 현황
충남,203,2019,중환자실 부족,응급진료결과 현황
충남,91,2020,중환자실 부족,응급진료결과 현황
충남,107,2021,중환자실 부족,응급진료결과 현황
충남,127,2022,중환자실 부족,응급진료결과 현황
충남,99,2023,중환자실 부족,응급진료결과 현황
충남,88,2024,중환자실 부족,응급진료결과 현황
전북,14,2016,중환자실 부족,응급진료결과 현황
전북,26,2017,중환자실 부족,응급진료결과 현황
전북,45,2018,중환자실 부족,응급진료결과 현황
전북,34,2019,중환자실 부족,응급진료결과 현황
전북,24,2020,중환자실 부족,응급진료결과 현황
전북,22,2021,중환자실 부족,응급진료결과 현황
전북,42,2022,중환자실 부족,응급진료결과 현황
전북,26,2023,중환자실 부족,응급진료결과 현황
전북,33,2024,중환자실 부족,응급진료결과 현황
전남,21,2016,중환자실 부족,응급진료결과 현황
전남,42,2017,중환자실 부족,응급진료결과 현황
전남,46,2018,중환자실 부족,응급진료결과 현황
전남,33,2019,중환자실 부족,응급진료결과 현황
전남,10,2020,중환자실 부족,응급진료결과 현황
전남,9,2021,중환자실 부족,응급진료결과 현황
전남,18,2022,중환자실 부족,응급진료결과 현황
전남,11,2023,중환자실 부족,응급진료결과 현황
전남,7,2024,중환자실 부족,응급진료결과 현황
경북,119,2016,중환자실 부족,응급진료결과 현황
경북,90,2017,중환자실 부족,응급진료결과 현황
경북,89,2018,중환자실 부족,응급진료결과 현황
경북,151,2019,중환자실 부족,응급진료결과 현황
경북,103,2020,중환자실 부족,응급진료결과 현황
경북,85,2021,중환자실 부족,응급진료결과 현황
경북,104,2022,중환자실 부족,응급진료결과 현황
경북,90,2023,중환자실 부족,응급진료결과 현황
경북,54,2024,중환자실 부족,응급진료결과 현황
경남,39,2016,중환자실 부족,응급진료결과 현황
경남,44,2017,중환자실 부족,응급진료결과 현황
경남,52,2018,중환자실 부족,응급진료결과 현황
경남,91,2019,중환자실 부족,응급진료결과 현황
경남,52,2020,중환자실 부족,응급진료결과 현황
경남,56,2021,중환자실 부족,응급진료결과 현황
경남,31,2022,중환자실 부족,응급진료결과 현황
경남,16,2023,중환자실 부족,응급진료결과 현황
경남,37,2024,중환자실 부족,응급진료결과 현황
제주,180,2016,중환자실 부족,응급진료결과 현황
제주,136,2017,중환자실 부족,응급진료결과 현황
제주,110,2018,중환자실 부족,응급진료결과 현황
제주,117,2019,중환자실 부족,응급진료결과 현황
제주,46,2020,중환자실 부족,응급진료결과 현황
제주,57,2021,중환자실 부족,응급진료결과 현황
제주,64,2022,중환자실 부족,응급진료결과 현황
제주,35,2023,중환자실 부족,응급진료결과 현황
제주,22,2024,중환자실 부족,응급진료결과 현황
전체,8374,2016,응급수술 처치불가,응급진료결과 현황
전체,9431,2017,응급수술 처치불가,응급진료결과 현황
전체,11373,2018,응급수술 처치불가,응급진료결과 현황
전체,12972,2019,응급수술 처치불가,응급진료결과 현황
전체,9805,2020,응급수술 처치불가,응급진료결과 현황
전체,8859,2021,응급수술 처치불가,응급진료결과 현황
전체,11004,2022,응급수술 처치불가,응급진료결과 현황
전체,12639,2023,응급수술 처치불가,응급진료결과 현황
전체,11316,2024,응급수술 처치불가,응급진료결과 현황
서울,1800,2016,응급수술 처치불가,응급진료결과 현황
서울,2110,2017,응급수술 처치불가,응급진료결과 현황
서울,3015,2018,응급수술 처치불가,응급진료결과 현황
서울,3366,2019,응급수술 처치불가,응급진료결과 현황
서울,2815,2020,응급수술 처치불가,응급진료결과 현황
서울,2165,2021,응급수술 처치불가,응급진료결과 현황
서울,3047,2022,응급수술 처치불가,응급진료결과 현황
서울,3598,2023,응급수술 처치불가,응급진료결과 현황
서울,2771,2024,응급수술 처치불가,응급진료결과 현황
부산,633,2016,응급수술 처치불가,응급진료결과 현황
부산,457,2017,응급수술 처치불가,응급진료결과 현황
부산,459,2018,응급수술 처치불가,응급진료결과 현황
부산,595,2019,응급수술 처치불가,응급진료결과 현황
부산,473,2020,응급수술 처치불가,응급진료결과 현황
부산,424,2021,응급수술 처치불가,응급진료결과 현황
부산,593,2022,응급수술 처치불가,응급진료결과 현황
부산,569,2023,응급수술 처치불가,응급진료결과 현황
부산,493,2024,응급수술 처치불가,응급진료결과 현황
대구,335,2016,응급수술 처치불가,응급진료결과 현황
대구,373,2017,응급수술 처치불가,응급진료결과 현황
대구,487,2018,응급수술 처치불가,응급진료결과 현황
대구,887,2019,응급수술 처치불가,응급진료결과 현황
대구,400,2020,응급수술 처치불가,응급진료결과 현황
대구,439,2021,응급수술 처치불가,응급진료결과 현황
대구,538,2022,응급수술 처치불가,응급진료결과 현황
대구,711,2023,응급수술 처치불가,응급진료결과 현황
대구,787,2024,응급수술 처치불가,응급진료결과 현황
인천,215,2016,응급수술 처치불가,응급진료결과 현황
인천,221,2017,응급수술 처치불가,응급진료결과 현황
인천,252,2018,응급수술 처치불가,응급진료결과 현황
인천,523,2019,응급수술 처치불가,응급진료결과 현황
인천,303,2020,응급수술 처치불가,응급진료결과 현황
인천,331,2021,응급수술 처치불가,응급진료결과 현황
인천,458,2022,응급수술 처치불가,응급진료결과 현황
인천,436,2023,응급수술 처치불가,응급진료결과 현황
인천,447,2024,응급수술 처치불가,응급진료결과 현황
광주,197,2016,응급수술 처치불가,응급진료결과 현황
광주,273,2017,응급수술 처치불가,응급진료결과 현황
광주,287,2018,응급수술 처치불가,응급진료결과 현황
광주,263,2019,응급수술 처치불가,응급진료결과 현황
광주,199,2020,응급수술 처치불가,응급진료결과 현황
광주,289,2021,응급수술 처치불가,응급진료결과 현황
광주,242,2022,응급수술 처치불가,응급진료결과 현황
광주,237,2023,응급수술 처치불가,응급진료결과 현황
광주,250,2024,응급수술 처치불가,응급진료결과 현황
대전,241,2016,응급수술 처치불가,응급진료결과 현황
대전,277,2017,응급수술 처치불가,응급진료결과 현황
대전,438,2018,응급수술 처치불가,응급진료결과 현황
대전,233,2019,응급수술 처치불가,응급진료결과 현황
대전,189,2020,응급수술 처치불가,응급진료결과 현황
대전,188,2021,응급수술 처치불가,응급진료결과 현황
대전,230,2022,응급수술 처치불가,응급진료결과 현황
대전,225,2023,응급수술 처치불가,응급진료결과 현황
대전,205,2024,응급수술 처치불가,응급진료결과 현황
울산,93,2016,응급수술 처치불가,응급진료결과 현황
울산,147,2017,응급수술 처치불가,응급진료결과 현황
울산,253,2018,응급수술 처치불가,응급진료결과 현황
울산,210,2019,응급수술 처치불가,응급진료결과 현황
울산,125,2020,응급수술 처치불가,응급진료결과 현황
울산,111,2021,응급수술 처치불가,응급진료결과 현황
울산,136,2022,응급수술 처치불가,응급진료결과 현황
울산,292,2023,응급수술 처치불가,응급진료결과 현황
울산,240,2024,응급수술 처치불가,응급진료결과 현황
세종,32,2020,응급수술 처치불가,응급진료결과 현황
세종,64,2021,응급수술 처치불가,응급진료결과 현황
세종,55,2022,응급수술 처치불가,응급진료결과 현황
세종,50,2023,응급수술 처치불가,응급진료결과 현황
세종,64,2024,응급수술 처치불가,응급진료결과 현황
경기,1834,2016,응급수술 처치불가,응급진료결과 현황
경기,1757,2017,응급수술 처치불가,응급진료결과 현황
경기,2123,2018,응급수술 처치불가,응급진료결과 현황
경기,2443,2019,응급수술 처치불가,응급진료결과 현황
경기,1975,2020,응급수술 처치불가,응급진료결과 현황
경기,1645,2021,응급수술 처치불가,응급진료결과 현황
경기,2154,2022,응급수술 처치불가,응급진료결과 현황
경기,2535,2023,응급수술 처치불가,응급진료결과 현황
경기,2590,2024,응급수술 처치불가,응급진료결과 현황
강원,711,2016,응급수술 처치불가,응급진료결과 현황
강원,604,2017,응급수술 처치불가,응급진료결과 현황
강원,350,2018,응급수술 처치불가,응급진료결과 현황
강원,469,2019,응급수술 처치불가,응급진료결과 현황
강원,434,2020,응급수술 처치불가,응급진료결과 현황
강원,432,2021,응급수술 처치불가,응급진료결과 현황
강원,427,2022,응급수술 처치불가,응급진료결과 현황
강원,681,2023,응급수술 처치불가,응급진료결과 현황
강원,636,2024,응급수술 처치불가,응급진료결과 현황
충북,254,2016,응급수술 처치불가,응급진료결과 현황
충북,245,2017,응급수술 처치불가,응급진료결과 현황
충북,305,2018,응급수술 처치불가,응급진료결과 현황
충북,373,2019,응급수술 처치불가,응급진료결과 현황
충북,219,2020,응급수술 처치불가,응급진료결과 현황
충북,286,2021,응급수술 처치불가,응급진료결과 현황
충북,325,2022,응급수술 처치불가,응급진료결과 현황
충북,296,2023,응급수술 처치불가,응급진료결과 현황
충북,382,2024,응급수술 처치불가,응급진료결과 현황
충남,434,2016,응급수술 처치불가,응급진료결과 현황
충남,725,2017,응급수술 처치불가,응급진료결과 현황
충남,680,2018,응급수술 처치불가,응급진료결과 현황
충남,549,2019,응급수술 처치불가,응급진료결과 현황
충남,258,2020,응급수술 처치불가,응급진료결과 현황
충남,298,2021,응급수술 처치불가,응급진료결과 현황
충남,458,2022,응급수술 처치불가,응급진료결과 현황
충남,375,2023,응급수술 처치불가,응급진료결과 현황
충남,201,2024,응급수술 처치불가,응급진료결과 현황
전북,328,2016,응급수술 처치불가,응급진료결과 현황
전북,364,2017,응급수술 처치불가,응급진료결과 현황
전북,310,2018,응급수술 처치불가,응급진료결과 현황
전북,417,2019,응급수술 처치불가,응급진료결과 현황
전북,380,2020,응급수술 처치불가,응급진료결과 현황
전북,332,2021,응급수술 처치불가,응급진료결과 현황
전북,344,2022,응급수술 처치불가,응급진료결과 현황
전북,369,2023,응급수술 처치불가,응급진료결과 현황
전북,459,2024,응급수술 처치불가,응급진료결과 현황
전남,336,2016,응급수술 처치불가,응급진료결과 현황
전남,605,2017,응급수술 처치불가,응급진료결과 현황
전남,738,2018,응급수술 처치불가,응급진료결과 현황
전남,1022,2019,응급수술 처치불가,응급진료결과 현황
전남,906,2020,응급수술 처치불가,응급진료결과 현황
전남,729,2021,응급수술 처치불가,응급진료결과 현황
전남,750,2022,응급수술 처치불가,응급진료결과 현황
전남,971,2023,응급수술 처치불가,응급진료결과 현황
전남,326,2024,응급수술 처치불가,응급진료결과 현황
경북,278,2016,응급수술 처치불가,응급진료결과 현황
경북,501,2017,응급수술 처치불가,응급진료결과 현황
경북,759,2018,응급수술 처치불가,응급진료결과 현황
경북,833,2019,응급수술 처치불가,응급진료결과 현황
경북,577,2020,응급수술 처치불가,응급진료결과 현황
경북,549,2021,응급수술 처치불가,응급진료결과 현황
경북,621,2022,응급수술 처치불가,응급진료결과 현황
경북,620,2023,응급수술 처치불가,응급진료결과 현황
경북,492,2024,응급수술 처치불가,응급진료결과 현황
경남,453,2016,응급수술 처치불가,응급진료결과 현황
경남,568,2017,응급수술 처치불가,응급진료결과 현황
경남,629,2018,응급수술 처치불가,응급진료결과 현황
경남,531,2019,응급수술 처치불가,응급진료결과 현황
경남,340,2020,응급수술 처치불가,응급진료결과 현황
경남,400,2021,응급수술 처치불가,응급진료결과 현황
경남,429,2022,응급수술 처치불가,응급진료결과 현황
경남,514,2023,응급수술 처치불가,응급진료결과 현황
경남,717,2024,응급수술 처치불가,응급진료결과 현황
제주,232,2016,응급수술 처치불가,응급진료결과 현황
제주,204,2017,응급수술 처치불가,응급진료결과 현황
제주,288,2018,응급수술 처치불가,응급진료결과 현황
제주,258,2019,응급수술 처치불가,응급진료결과 현황
제주,180,2020,응급수술 처치불가,응급진료결과 현황
제주,177,2021,응급수술 처치불가,응급진료결과 현황
제주,197,2022,응급수술 처치불가,응급진료결과 현황
제주,160,2023,응급수술 처치불가,응급진료결과 현황
제주,256,2024,응급수술 처치불가,응급진료결과 현황
전체,14119,2016,전문응급의료 요함,응급진료결과 현황
전체,15671,2017,전문응급의료 요함,응급진료결과 현황
전체,15518,2018,전문응급의료 요함,응급진료결과 현황
전체,19649,2019,전문응급의료 요함,응급진료결과 현황
전체,16079,2020,전문응급의료 요함,응급진료결과 현황
전체,16297,2021,전문응급의료 요함,응급진료결과 현황
전체,18605,2022,전문응급의료 요함,응급진료결과 현황
전체,22050,2023,전문응급의료 요함,응급진료결과 현황
전체,19615,2024,전문응급의료 요함,응급진료결과 현황
서울,426,2016,전문응급의료 요함,응급진료결과 현황
서울,475,2017,전문응급의료 요함,응급진료결과 현황
서울,474,2018,전문응급의료 요함,응급진료결과 현황
서울,515,2019,전문응급의료 요함,응급진료결과 현황
서울,432,2020,전문응급의료 요함,응급진료결과 현황
서울,510,2021,전문응급의료 요함,응급진료결과 현황
서울,795,2022,전문응급의료 요함,응급진료결과 현황
서울,626,2023,전문응급의료 요함,응급진료결과 현황
서울,555,2024,전문응급의료 요함,응급진료결과 현황
부산,300,2016,전문응급의료 요함,응급진료결과 현황
부산,242,2017,전문응급의료 요함,응급진료결과 현황
부산,178,2018,전문응급의료 요함,응급진료결과 현황
부산,472,2019,전문응급의료 요함,응급진료결과 현황
부산,532,2020,전문응급의료 요함,응급진료결과 현황
부산,523,2021,전문응급의료 요함,응급진료결과 현황
부산,574,2022,전문응급의료 요함,응급진료결과 현황
부산,542,2023,전문응급의료 요함,응급진료결과 현황
부산,403,2024,전문응급의료 요함,응급진료결과 현황
대구,162,2016,전문응급의료 요함,응급진료결과 현황
대구,186,2017,전문응급의료 요함,응급진료결과 현황
대구,139,2018,전문응급의료 요함,응급진료결과 현황
대구,138,2019,전문응급의료 요함,응급진료결과 현황
대구,102,2020,전문응급의료 요함,응급진료결과 현황
대구,142,2021,전문응급의료 요함,응급진료결과 현황
대구,205,2022,전문응급의료 요함,응급진료결과 현황
대구,254,2023,전문응급의료 요함,응급진료결과 현황
대구,273,2024,전문응급의료 요함,응급진료결과 현황
인천,538,2016,전문응급의료 요함,응급진료결과 현황
인천,804,2017,전문응급의료 요함,응급진료결과 현황
인천,874,2018,전문응급의료 요함,응급진료결과 현황
인천,1084,2019,전문응급의료 요함,응급진료결과 현황
인천,886,2020,전문응급의료 요함,응급진료결과 현황
인천,880,2021,전문응급의료 요함,응급진료결과 현황
인천,942,2022,전문응급의료 요함,응급진료결과 현황
인천,1493,2023,전문응급의료 요함,응급진료결과 현황
인천,1242,2024,전문응급의료 요함,응급진료결과 현황
광주,862,2016,전문응급의료 요함,응급진료결과 현황
광주,755,2017,전문응급의료 요함,응급진료결과 현황
광주,861,2018,전문응급의료 요함,응급진료결과 현황
광주,721,2019,전문응급의료 요함,응급진료결과 현황
광주,742,2020,전문응급의료 요함,응급진료결과 현황
광주,1288,2021,전문응급의료 요함,응급진료결과 현황
광주,1434,2022,전문응급의료 요함,응급진료결과 현황
광주,1289,2023,전문응급의료 요함,응급진료결과 현황
광주,877,2024,전문응급의료 요함,응급진료결과 현황
대전,76,2016,전문응급의료 요함,응급진료결과 현황
대전,50,2017,전문응급의료 요함,응급진료결과 현황
대전,94,2018,전문응급의료 요함,응급진료결과 현황
대전,121,2019,전문응급의료 요함,응급진료결과 현황
대전,82,2020,전문응급의료 요함,응급진료결과 현황
대전,82,2021,전문응급의료 요함,응급진료결과 현황
대전,92,2022,전문응급의료 요함,응급진료결과 현황
대전,183,2023,전문응급의료 요함,응급진료결과 현황
대전,184,2024,전문응급의료 요함,응급진료결과 현황
울산,79,2016,전문응급의료 요함,응급진료결과 현황
울산,64,2017,전문응급의료 요함,응급진료결과 현황
울산,86,2018,전문응급의료 요함,응급진료결과 현황
울산,118,2019,전문응급의료 요함,응급진료결과 현황
울산,120,2020,전문응급의료 요함,응급진료결과 현황
울산,141,2021,전문응급의료 요함,응급진료결과 현황
울산,151,2022,전문응급의료 요함,응급진료결과 현황
울산,975,2023,전문응급의료 요함,응급진료결과 현황
울산,810,2024,전문응급의료 요함,응급진료결과 현황
세종,43,2020,전문응급의료 요함,응급진료결과 현황
세종,67,2021,전문응급의료 요함,응급진료결과 현황
세종,47,2022,전문응급의료 요함,응급진료결과 현황
세종,41,2023,전문응급의료 요함,응급진료결과 현황
세종,57,2024,전문응급의료 요함,응급진료결과 현황
경기,3206,2016,전문응급의료 요함,응급진료결과 현황
경기,3485,2017,전문응급의료 요함,응급진료결과 현황
경기,3440,2018,전문응급의료 요함,응급진료결과 현황
경기,4551,2019,전문응급의료 요함,응급진료결과 현황
경기,2885,2020,전문응급의료 요함,응급진료결과 현황
경기,2737,2021,전문응급의료 요함,응급진료결과 현황
경기,3097,2022,전문응급의료 요함,응급진료결과 현황
경기,4453,2023,전문응급의료 요함,응급진료결과 현황
경기,4107,2024,전문응급의료 요함,응급진료결과 현황
강원,600,2016,전문응급의료 요함,응급진료결과 현황
강원,728,2017,전문응급의료 요함,응급진료결과 현황
강원,902,2018,전문응급의료 요함,응급진료결과 현황
강원,841,2019,전문응급의료 요함,응급진료결과 현황
강원,993,2020,전문응급의료 요함,응급진료결과 현황
강원,937,2021,전문응급의료 요함,응급진료결과 현황
강원,1132,2022,전문응급의료 요함,응급진료결과 현황
강원,1048,2023,전문응급의료 요함,응급진료결과 현황
강원,1090,2024,전문응급의료 요함,응급진료결과 현황
충북,676,2016,전문응급의료 요함,응급진료결과 현황
충북,747,2017,전문응급의료 요함,응급진료결과 현황
충북,672,2018,전문응급의료 요함,응급진료결과 현황
충북,931,2019,전문응급의료 요함,응급진료결과 현황
충북,726,2020,전문응급의료 요함,응급진료결과 현황
충북,820,2021,전문응급의료 요함,응급진료결과 현황
충북,1041,2022,전문응급의료 요함,응급진료결과 현황
충북,1100,2023,전문응급의료 요함,응급진료결과 현황
충북,1428,2024,전문응급의료 요함,응급진료결과 현황
충남,2102,2016,전문응급의료 요함,응급진료결과 현황
충남,2553,2017,전문응급의료 요함,응급진료결과 현황
충남,2828,2018,전문응급의료 요함,응급진료결과 현황
충남,3675,2019,전문응급의료 요함,응급진료결과 현황
충남,2977,2020,전문응급의료 요함,응급진료결과 현황
충남,2980,2021,전문응급의료 요함,응급진료결과 현황
충남,3293,2022,전문응급의료 요함,응급진료결과 현황
충남,3505,2023,전문응급의료 요함,응급진료결과 현황
충남,2915,2024,전문응급의료 요함,응급진료결과 현황
전북,1379,2016,전문응급의료 요함,응급진료결과 현황
전북,1972,2017,전문응급의료 요함,응급진료결과 현황
전북,1464,2018,전문응급의료 요함,응급진료결과 현황
전북,2498,2019,전문응급의료 요함,응급진료결과 현황
전북,2300,2020,전문응급의료 요함,응급진료결과 현황
전북,1990,2021,전문응급의료 요함,응급진료결과 현황
전북,2437,2022,전문응급의료 요함,응급진료결과 현황
전북,2814,2023,전문응급의료 요함,응급진료결과 현황
전북,2654,2024,전문응급의료 요함,응급진료결과 현황
전남,610,2016,전문응급의료 요함,응급진료결과 현황
전남,595,2017,전문응급의료 요함,응급진료결과 현황
전남,716,2018,전문응급의료 요함,응급진료결과 현황
전남,842,2019,전문응급의료 요함,응급진료결과 현황
전남,657,2020,전문응급의료 요함,응급진료결과 현황
전남,621,2021,전문응급의료 요함,응급진료결과 현황
전남,569,2022,전문응급의료 요함,응급진료결과 현황
전남,663,2023,전문응급의료 요함,응급진료결과 현황
전남,480,2024,전문응급의료 요함,응급진료결과 현황
경북,1459,2016,전문응급의료 요함,응급진료결과 현황
경북,1141,2017,전문응급의료 요함,응급진료결과 현황
경북,1074,2018,전문응급의료 요함,응급진료결과 현황
경북,1345,2019,전문응급의료 요함,응급진료결과 현황
경북,1180,2020,전문응급의료 요함,응급진료결과 현황
경북,1238,2021,전문응급의료 요함,응급진료결과 현황
경북,1352,2022,전문응급의료 요함,응급진료결과 현황
경북,1395,2023,전문응급의료 요함,응급진료결과 현황
경북,1078,2024,전문응급의료 요함,응급진료결과 현황
경남,1115,2016,전문응급의료 요함,응급진료결과 현황
경남,968,2017,전문응급의료 요함,응급진료결과 현황
경남,874,2018,전문응급의료 요함,응급진료결과 현황
경남,912,2019,전문응급의료 요함,응급진료결과 현황
경남,700,2020,전문응급의료 요함,응급진료결과 현황
경남,649,2021,전문응급의료 요함,응급진료결과 현황
경남,599,2022,전문응급의료 요함,응급진료결과 현황
경남,788,2023,전문응급의료 요함,응급진료결과 현황
경남,818,2024,전문응급의료 요함,응급진료결과 현황
제주,529,2016,전문응급의료 요함,응급진료결과 현황
제주,906,2017,전문응급의료 요함,응급진료결과 현황
제주,842,2018,전문응급의료 요함,응급진료결과 현황
제주,885,2019,전문응급의료 요함,응급진료결과 현황
제주,722,2020,전문응급의료 요함,응급진료결과 현황
제주,692,2021,전문응급의료 요함,응급진료결과 현황
제주,845,2022,전문응급의료 요함,응급진료결과 현황
제주,881,2023,전문응급의료 요함,응급진료결과 현황
제주,644,2024,전문응급의료 요함,응급진료결과 현황
전체,4230,2016,경증으로 전원,응급진료결과 현황
전체,4592,2017,경증으로 전원,응급진료결과 현황
전체,5124,2018,경증으로 전원,응급진료결과 현황
전체,5145,2019,경증으로 전원,응급진료결과 현황
전체,3893,2020,경증으로 전원,응급진료결과 현황
전체,3461,2021,경증으로 전원,응급진료결과 현황
전체,3940,2022,경증으로 전원,응급진료결과 현황
전체,3729,2023,경증으로 전원,응급진료결과 현황
전체,4210,2024,경증으로 전원,응급진료결과 현황
서울,1591,2016,경증으로 전원,응급진료결과 현황
서울,2321,2017,경증으로 전원,응급진료결과 현황
서울,2520,2018,경증으로 전원,응급진료결과 현황
서울,2372,2019,경증으로 전원,응급진료결과 현황
서울,1864,2020,경증으로 전원,응급진료결과 현황
서울,1458,2021,경증으로 전원,응급진료결과 현황
서울,1558,2022,경증으로 전원,응급진료결과 현황
서울,1464,2023,경증으로 전원,응급진료결과 현황
서울,1897,2024,경증으로 전원,응급진료결과 현황
부산,388,2016,경증으로 전원,응급진료결과 현황
부산,226,2017,경증으로 전원,응급진료결과 현황
부산,211,2018,경증으로 전원,응급진료결과 현황
부산,213,2019,경증으로 전원,응급진료결과 현황
부산,128,2020,경증으로 전원,응급진료결과 현황
부산,107,2021,경증으로 전원,응급진료결과 현황
부산,116,2022,경증으로 전원,응급진료결과 현황
부산,31,2023,경증으로 전원,응급진료결과 현황
부산,90,2024,경증으로 전원,응급진료결과 현황
대구,395,2016,경증으로 전원,응급진료결과 현황
대구,477,2017,경증으로 전원,응급진료결과 현황
대구,631,2018,경증으로 전원,응급진료결과 현황
대구,943,2019,경증으로 전원,응급진료결과 현황
대구,716,2020,경증으로 전원,응급진료결과 현황
대구,950,2021,경증으로 전원,응급진료결과 현황
대구,1075,2022,경증으로 전원,응급진료결과 현황
대구,1071,2023,경증으로 전원,응급진료결과 현황
대구,635,2024,경증으로 전원,응급진료결과 현황
인천,70,2016,경증으로 전원,응급진료결과 현황
인천,73,2017,경증으로 전원,응급진료결과 현황
인천,149,2018,경증으로 전원,응급진료결과 현황
인천,172,2019,경증으로 전원,응급진료결과 현황
인천,136,2020,경증으로 전원,응급진료결과 현황
인천,94,2021,경증으로 전원,응급진료결과 현황
인천,174,2022,경증으로 전원,응급진료결과 현황
인천,63,2023,경증으로 전원,응급진료결과 현황
인천,88,2024,경증으로 전원,응급진료결과 현황
광주,358,2016,경증으로 전원,응급진료결과 현황
광주,222,2017,경증으로 전원,응급진료결과 현황
광주,228,2018,경증으로 전원,응급진료결과 현황
광주,74,2019,경증으로 전원,응급진료결과 현황
광주,76,2020,경증으로 전원,응급진료결과 현황
광주,163,2021,경증으로 전원,응급진료결과 현황
광주,93,2022,경증으로 전원,응급진료결과 현황
광주,94,2023,경증으로 전원,응급진료결과 현황
광주,184,2024,경증으로 전원,응급진료결과 현황
대전,12,2016,경증으로 전원,응급진료결과 현황
대전,8,2017,경증으로 전원,응급진료결과 현황
대전,3,2018,경증으로 전원,응급진료결과 현황
대전,4,2019,경증으로 전원,응급진료결과 현황
대전,-,2020,경증으로 전원,응급진료결과 현황
대전,3,2021,경증으로 전원,응급진료결과 현황
대전,7,2022,경증으로 전원,응급진료결과 현황
대전,-,2023,경증으로 전원,응급진료결과 현황
대전,5,2024,경증으로 전원,응급진료결과 현황
울산,5,2016,경증으로 전원,응급진료결과 현황
울산,4,2017,경증으로 전원,응급진료결과 현황
울산,3,2018,경증으로 전원,응급진료결과 현황
울산,8,2019,경증으로 전원,응급진료결과 현황
울산,14,2020,경증으로 전원,응급진료결과 현황
울산,15,2021,경증으로 전원,응급진료결과 현황
울산,20,2022,경증으로 전원,응급진료결과 현황
울산,33,2023,경증으로 전원,응급진료결과 현황
울산,45,2024,경증으로 전원,응급진료결과 현황
세종,-,2020,경증으로 전원,응급진료결과 현황
세종,-,2021,경증으로 전원,응급진료결과 현황
세종,1,2022,경증으로 전원,응급진료결과 현황
세종,-,2023,경증으로 전원,응급진료결과 현황
세종,-,2024,경증으로 전원,응급진료결과 현황
경기,327,2016,경증으로 전원,응급진료결과 현황
경기,410,2017,경증으로 전원,응급진료결과 현황
경기,310,2018,경증으로 전원,응급진료결과 현황
경기,259,2019,경증으로 전원,응급진료결과 현황
경기,235,2020,경증으로 전원,응급진료결과 현황
경기,175,2021,경증으로 전원,응급진료결과 현황
경기,329,2022,경증으로 전원,응급진료결과 현황
경기,425,2023,경증으로 전원,응급진료결과 현황
경기,569,2024,경증으로 전원,응급진료결과 현황
강원,71,2016,경증으로 전원,응급진료결과 현황
강원,48,2017,경증으로 전원,응급진료결과 현황
강원,78,2018,경증으로 전원,응급진료결과 현황
강원,97,2019,경증으로 전원,응급진료결과 현황
강원,111,2020,경증으로 전원,응급진료결과 현황
강원,57,2021,경증으로 전원,응급진료결과 현황
강원,149,2022,경증으로 전원,응급진료결과 현황
강원,77,2023,경증으로 전원,응급진료결과 현황
강원,111,2024,경증으로 전원,응급진료결과 현황
충북,48,2016,경증으로 전원,응급진료결과 현황
충북,19,2017,경증으로 전원,응급진료결과 현황
충북,120,2018,경증으로 전원,응급진료결과 현황
충북,132,2019,경증으로 전원,응급진료결과 현황
충북,41,2020,경증으로 전원,응급진료결과 현황
충북,9,2021,경증으로 전원,응급진료결과 현황
충북,5,2022,경증으로 전원,응급진료결과 현황
충북,4,2023,경증으로 전원,응급진료결과 현황
충북,16,2024,경증으로 전원,응급진료결과 현황
충남,48,2016,경증으로 전원,응급진료결과 현황
충남,22,2017,경증으로 전원,응급진료결과 현황
충남,8,2018,경증으로 전원,응급진료결과 현황
충남,9,2019,경증으로 전원,응급진료결과 현황
충남,7,2020,경증으로 전원,응급진료결과 현황
충남,17,2021,경증으로 전원,응급진료결과 현황
충남,2,2022,경증으로 전원,응급진료결과 현황
충남,14,2023,경증으로 전원,응급진료결과 현황
충남,7,2024,경증으로 전원,응급진료결과 현황
전북,373,2016,경증으로 전원,응급진료결과 현황
전북,338,2017,경증으로 전원,응급진료결과 현황
전북,335,2018,경증으로 전원,응급진료결과 현황
전북,234,2019,경증으로 전원,응급진료결과 현황
전북,156,2020,경증으로 전원,응급진료결과 현황
전북,149,2021,경증으로 전원,응급진료결과 현황
전북,180,2022,경증으로 전원,응급진료결과 현황
전북,197,2023,경증으로 전원,응급진료결과 현황
전북,167,2024,경증으로 전원,응급진료결과 현황
전남,73,2016,경증으로 전원,응급진료결과 현황
전남,51,2017,경증으로 전원,응급진료결과 현황
전남,85,2018,경증으로 전원,응급진료결과 현황
전남,26,2019,경증으로 전원,응급진료결과 현황
전남,10,2020,경증으로 전원,응급진료결과 현황
전남,10,2021,경증으로 전원,응급진료결과 현황
전남,3,2022,경증으로 전원,응급진료결과 현황
전남,12,2023,경증으로 전원,응급진료결과 현황
전남,13,2024,경증으로 전원,응급진료결과 현황
경북,-,2016,경증으로 전원,응급진료결과 현황
경북,5,2017,경증으로 전원,응급진료결과 현황
경북,3,2018,경증으로 전원,응급진료결과 현황
경북,3,2019,경증으로 전원,응급진료결과 현황
경북,-,2020,경증으로 전원,응급진료결과 현황
경북,2,2021,경증으로 전원,응급진료결과 현황
경북,2,2022,경증으로 전원,응급진료결과 현황
경북,4,2023,경증으로 전원,응급진료결과 현황
경북,-,2024,경증으로 전원,응급진료결과 현황
경남,465,2016,경증으로 전원,응급진료결과 현황
경남,360,2017,경증으로 전원,응급진료결과 현황
경남,426,2018,경증으로 전원,응급진료결과 현황
경남,589,2019,경증으로 전원,응급진료결과 현황
경남,396,2020,경증으로 전원,응급진료결과 현황
경남,249,2021,경증으로 전원,응급진료결과 현황
경남,221,2022,경증으로 전원,응급진료결과 현황
경남,238,2023,경증으로 전원,응급진료결과 현황
경남,382,2024,경증으로 전원,응급진료결과 현황
제주,6,2016,경증으로 전원,응급진료결과 현황
제주,8,2017,경증으로 전원,응급진료결과 현황
제주,14,2018,경증으로 전원,응급진료결과 현황
제주,10,2019,경증으로 전원,응급진료결과 현황
제주,3,2020,경증으로 전원,응급진료결과 현황
제주,3,2021,경증으로 전원,응급진료결과 현황
제주,5,2022,경증으로 전원,응급진료결과 현황
제주,2,2023,경증으로 전원,응급진료결과 현황
제주,1,2024,경증으로 전원,응급진료결과 현황
전체,1986,2016,요양병원으로 전원,응급진료결과 현황
전체,2514,2017,요양병원으로 전원,응급진료결과 현황
전체,2778,2018,요양병원으로 전원,응급진료결과 현황
전체,1645,2019,요양병원으로 전원,응급진료결과 현황
전체,1255,2020,요양병원으로 전원,응급진료결과 현황
전체,1332,2021,요양병원으로 전원,응급진료결과 현황
전체,1539,2022,요양병원으로 전원,응급진료결과 현황
전체,1520,2023,요양병원으로 전원,응급진료결과 현황
전체,1995,2024,요양병원으로 전원,응급진료결과 현황
서울,387,2016,요양병원으로 전원,응급진료결과 현황
서울,701,2017,요양병원으로 전원,응급진료결과 현황
서울,913,2018,요양병원으로 전원,응급진료결과 현황
서울,434,2019,요양병원으로 전원,응급진료결과 현황
서울,413,2020,요양병원으로 전원,응급진료결과 현황
서울,379,2021,요양병원으로 전원,응급진료결과 현황
서울,411,2022,요양병원으로 전원,응급진료결과 현황
서울,547,2023,요양병원으로 전원,응급진료결과 현황
서울,874,2024,요양병원으로 전원,응급진료결과 현황
부산,225,2016,요양병원으로 전원,응급진료결과 현황
부산,170,2017,요양병원으로 전원,응급진료결과 현황
부산,198,2018,요양병원으로 전원,응급진료결과 현황
부산,246,2019,요양병원으로 전원,응급진료결과 현황
부산,179,2020,요양병원으로 전원,응급진료결과 현황
부산,165,2021,요양병원으로 전원,응급진료결과 현황
부산,144,2022,요양병원으로 전원,응급진료결과 현황
부산,108,2023,요양병원으로 전원,응급진료결과 현황
부산,65,2024,요양병원으로 전원,응급진료결과 현황
대구,166,2016,요양병원으로 전원,응급진료결과 현황
대구,179,2017,요양병원으로 전원,응급진료결과 현황
대구,192,2018,요양병원으로 전원,응급진료결과 현황
대구,282,2019,요양병원으로 전원,응급진료결과 현황
대구,91,2020,요양병원으로 전원,응급진료결과 현황
대구,111,2021,요양병원으로 전원,응급진료결과 현황
대구,185,2022,요양병원으로 전원,응급진료결과 현황
대구,141,2023,요양병원으로 전원,응급진료결과 현황
대구,190,2024,요양병원으로 전원,응급진료결과 현황
인천,101,2016,요양병원으로 전원,응급진료결과 현황
인천,197,2017,요양병원으로 전원,응급진료결과 현황
인천,264,2018,요양병원으로 전원,응급진료결과 현황
인천,51,2019,요양병원으로 전원,응급진료결과 현황
인천,35,2020,요양병원으로 전원,응급진료결과 현황
인천,34,2021,요양병원으로 전원,응급진료결과 현황
인천,30,2022,요양병원으로 전원,응급진료결과 현황
인천,26,2023,요양병원으로 전원,응급진료결과 현황
인천,68,2024,요양병원으로 전원,응급진료결과 현황
광주,61,2016,요양병원으로 전원,응급진료결과 현황
광주,75,2017,요양병원으로 전원,응급진료결과 현황
광주,57,2018,요양병원으로 전원,응급진료결과 현황
광주,31,2019,요양병원으로 전원,응급진료결과 현황
광주,33,2020,요양병원으로 전원,응급진료결과 현황
광주,77,2021,요양병원으로 전원,응급진료결과 현황
광주,17,2022,요양병원으로 전원,응급진료결과 현황
광주,19,2023,요양병원으로 전원,응급진료결과 현황
광주,23,2024,요양병원으로 전원,응급진료결과 현황
대전,30,2016,요양병원으로 전원,응급진료결과 현황
대전,36,2017,요양병원으로 전원,응급진료결과 현황
대전,20,2018,요양병원으로 전원,응급진료결과 현황
대전,39,2019,요양병원으로 전원,응급진료결과 현황
대전,16,2020,요양병원으로 전원,응급진료결과 현황
대전,8,2021,요양병원으로 전원,응급진료결과 현황
대전,27,2022,요양병원으로 전원,응급진료결과 현황
대전,18,2023,요양병원으로 전원,응급진료결과 현황
대전,30,2024,요양병원으로 전원,응급진료결과 현황
울산,2,2016,요양병원으로 전원,응급진료결과 현황
울산,-,2017,요양병원으로 전원,응급진료결과 현황
울산,1,2018,요양병원으로 전원,응급진료결과 현황
울산,5,2019,요양병원으로 전원,응급진료결과 현황
울산,2,2020,요양병원으로 전원,응급진료결과 현황
울산,5,2021,요양병원으로 전원,응급진료결과 현황
울산,32,2022,요양병원으로 전원,응급진료결과 현황
울산,25,2023,요양병원으로 전원,응급진료결과 현황
울산,13,2024,요양병원으로 전원,응급진료결과 현황
세종,-,2020,요양병원으로 전원,응급진료결과 현황
세종,-,2021,요양병원으로 전원,응급진료결과 현황
세종,2,2022,요양병원으로 전원,응급진료결과 현황
세종,-,2023,요양병원으로 전원,응급진료결과 현황
세종,1,2024,요양병원으로 전원,응급진료결과 현황
경기,326,2016,요양병원으로 전원,응급진료결과 현황
경기,313,2017,요양병원으로 전원,응급진료결과 현황
경기,362,2018,요양병원으로 전원,응급진료결과 현황
경기,220,2019,요양병원으로 전원,응급진료결과 현황
경기,214,2020,요양병원으로 전원,응급진료결과 현황
경기,286,2021,요양병원으로 전원,응급진료결과 현황
경기,413,2022,요양병원으로 전원,응급진료결과 현황
경기,350,2023,요양병원으로 전원,응급진료결과 현황
경기,429,2024,요양병원으로 전원,응급진료결과 현황
강원,27,2016,요양병원으로 전원,응급진료결과 현황
강원,49,2017,요양병원으로 전원,응급진료결과 현황
강원,68,2018,요양병원으로 전원,응급진료결과 현황
강원,29,2019,요양병원으로 전원,응급진료결과 현황
강원,18,2020,요양병원으로 전원,응급진료결과 현황
강원,35,2021,요양병원으로 전원,응급진료결과 현황
강원,35,2022,요양병원으로 전원,응급진료결과 현황
강원,43,2023,요양병원으로 전원,응급진료결과 현황
강원,37,2024,요양병원으로 전원,응급진료결과 현황
충북,22,2016,요양병원으로 전원,응급진료결과 현황
충북,9,2017,요양병원으로 전원,응급진료결과 현황
충북,14,2018,요양병원으로 전원,응급진료결과 현황
충북,6,2019,요양병원으로 전원,응급진료결과 현황
충북,14,2020,요양병원으로 전원,응급진료결과 현황
충북,6,2021,요양병원으로 전원,응급진료결과 현황
충북,4,2022,요양병원으로 전원,응급진료결과 현황
충북,3,2023,요양병원으로 전원,응급진료결과 현황
충북,10,2024,요양병원으로 전원,응급진료결과 현황
충남,34,2016,요양병원으로 전원,응급진료결과 현황
충남,22,2017,요양병원으로 전원,응급진료결과 현황
충남,22,2018,요양병원으로 전원,응급진료결과 현황
충남,9,2019,요양병원으로 전원,응급진료결과 현황
충남,17,2020,요양병원으로 전원,응급진료결과 현황
충남,10,2021,요양병원으로 전원,응급진료결과 현황
충남,12,2022,요양병원으로 전원,응급진료결과 현황
충남,6,2023,요양병원으로 전원,응급진료결과 현황
충남,6,2024,요양병원으로 전원,응급진료결과 현황
전북,164,2016,요양병원으로 전원,응급진료결과 현황
전북,197,2017,요양병원으로 전원,응급진료결과 현황
전북,41,2018,요양병원으로 전원,응급진료결과 현황
전북,21,2019,요양병원으로 전원,응급진료결과 현황
전북,10,2020,요양병원으로 전원,응급진료결과 현황
전북,8,2021,요양병원으로 전원,응급진료결과 현황
전북,7,2022,요양병원으로 전원,응급진료결과 현황
전북,11,2023,요양병원으로 전원,응급진료결과 현황
전북,14,2024,요양병원으로 전원,응급진료결과 현황
전남,189,2016,요양병원으로 전원,응급진료결과 현황
전남,185,2017,요양병원으로 전원,응급진료결과 현황
전남,134,2018,요양병원으로 전원,응급진료결과 현황
전남,49,2019,요양병원으로 전원,응급진료결과 현황
전남,41,2020,요양병원으로 전원,응급진료결과 현황
전남,25,2021,요양병원으로 전원,응급진료결과 현황
전남,26,2022,요양병원으로 전원,응급진료결과 현황
전남,15,2023,요양병원으로 전원,응급진료결과 현황
전남,20,2024,요양병원으로 전원,응급진료결과 현황
경북,31,2016,요양병원으로 전원,응급진료결과 현황
경북,85,2017,요양병원으로 전원,응급진료결과 현황
경북,145,2018,요양병원으로 전원,응급진료결과 현황
경북,17,2019,요양병원으로 전원,응급진료결과 현황
경북,10,2020,요양병원으로 전원,응급진료결과 현황
경북,8,2021,요양병원으로 전원,응급진료결과 현황
경북,13,2022,요양병원으로 전원,응급진료결과 현황
경북,6,2023,요양병원으로 전원,응급진료결과 현황
경북,7,2024,요양병원으로 전원,응급진료결과 현황
경남,207,2016,요양병원으로 전원,응급진료결과 현황
경남,281,2017,요양병원으로 전원,응급진료결과 현황
경남,314,2018,요양병원으로 전원,응급진료결과 현황
경남,199,2019,요양병원으로 전원,응급진료결과 현황
경남,162,2020,요양병원으로 전원,응급진료결과 현황
경남,173,2021,요양병원으로 전원,응급진료결과 현황
경남,166,2022,요양병원으로 전원,응급진료결과 현황
경남,195,2023,요양병원으로 전원,응급진료결과 현황
경남,195,2024,요양병원으로 전원,응급진료결과 현황
제주,14,2016,요양병원으로 전원,응급진료결과 현황
제주,15,2017,요양병원으로 전원,응급진료결과 현황
제주,33,2018,요양병원으로 전원,응급진료결과 현황
제주,7,2019,요양병원으로 전원,응급진료결과 현황
제주,-,2020,요양병원으로 전원,응급진료결과 현황
제주,2,2021,요양병원으로 전원,응급진료결과 현황
제주,15,2022,요양병원으로 전원,응급진료결과 현황
제주,7,2023,요양병원으로 전원,응급진료결과 현황
제주,13,2024,요양병원으로 전원,응급진료결과 현황
전체,37465,2016,환자사정으로 전원,응급진료결과 현황
전체,38170,2017,환자사정으로 전원,응급진료결과 현황
전체,35387,2018,환자사정으로 전원,응급진료결과 현황
전체,30858,2019,환자사정으로 전원,응급진료결과 현황
전체,23808,2020,환자사정으로 전원,응급진료결과 현황
전체,23624,2021,환자사정으로 전원,응급진료결과 현황
전체,20834,2022,환자사정으로 전원,응급진료결과 현황
전체,23182,2023,환자사정으로 전원,응급진료결과 현황
전체,16777,2024,환자사정으로 전원,응급진료결과 현황
서울,5887,2016,환자사정으로 전원,응급진료결과 현황
서울,6273,2017,환자사정으로 전원,응급진료결과 현황
서울,5721,2018,환자사정으로 전원,응급진료결과 현황
서울,4868,2019,환자사정으로 전원,응급진료결과 현황
서울,3635,2020,환자사정으로 전원,응급진료결과 현황
서울,3562,2021,환자사정으로 전원,응급진료결과 현황
서울,3350,2022,환자사정으로 전원,응급진료결과 현황
서울,3707,2023,환자사정으로 전원,응급진료결과 현황
서울,2365,2024,환자사정으로 전원,응급진료결과 현황
부산,1859,2016,환자사정으로 전원,응급진료결과 현황
부산,1541,2017,환자사정으로 전원,응급진료결과 현황
부산,1016,2018,환자사정으로 전원,응급진료결과 현황
부산,867,2019,환자사정으로 전원,응급진료결과 현황
부산,814,2020,환자사정으로 전원,응급진료결과 현황
부산,820,2021,환자사정으로 전원,응급진료결과 현황
부산,850,2022,환자사정으로 전원,응급진료결과 현황
부산,939,2023,환자사정으로 전원,응급진료결과 현황
부산,724,2024,환자사정으로 전원,응급진료결과 현황
대구,4780,2016,환자사정으로 전원,응급진료결과 현황
대구,5819,2017,환자사정으로 전원,응급진료결과 현황
대구,5231,2018,환자사정으로 전원,응급진료결과 현황
대구,3365,2019,환자사정으로 전원,응급진료결과 현황
대구,2514,2020,환자사정으로 전원,응급진료결과 현황
대구,2252,2021,환자사정으로 전원,응급진료결과 현황
대구,2015,2022,환자사정으로 전원,응급진료결과 현황
대구,2102,2023,환자사정으로 전원,응급진료결과 현황
대구,1182,2024,환자사정으로 전원,응급진료결과 현황
인천,2003,2016,환자사정으로 전원,응급진료결과 현황
인천,3013,2017,환자사정으로 전원,응급진료결과 현황
인천,2939,2018,환자사정으로 전원,응급진료결과 현황
인천,3095,2019,환자사정으로 전원,응급진료결과 현황
인천,2610,2020,환자사정으로 전원,응급진료결과 현황
인천,2700,2021,환자사정으로 전원,응급진료결과 현황
인천,2013,2022,환자사정으로 전원,응급진료결과 현황
인천,2365,2023,환자사정으로 전원,응급진료결과 현황
인천,2154,2024,환자사정으로 전원,응급진료결과 현황
광주,1171,2016,환자사정으로 전원,응급진료결과 현황
광주,1067,2017,환자사정으로 전원,응급진료결과 현황
광주,1111,2018,환자사정으로 전원,응급진료결과 현황
광주,891,2019,환자사정으로 전원,응급진료결과 현황
광주,843,2020,환자사정으로 전원,응급진료결과 현황
광주,586,2021,환자사정으로 전원,응급진료결과 현황
광주,517,2022,환자사정으로 전원,응급진료결과 현황
광주,573,2023,환자사정으로 전원,응급진료결과 현황
광주,482,2024,환자사정으로 전원,응급진료결과 현황
대전,493,2016,환자사정으로 전원,응급진료결과 현황
대전,395,2017,환자사정으로 전원,응급진료결과 현황
대전,451,2018,환자사정으로 전원,응급진료결과 현황
대전,364,2019,환자사정으로 전원,응급진료결과 현황
대전,234,2020,환자사정으로 전원,응급진료결과 현황
대전,189,2021,환자사정으로 전원,응급진료결과 현황
대전,173,2022,환자사정으로 전원,응급진료결과 현황
대전,194,2023,환자사정으로 전원,응급진료결과 현황
대전,139,2024,환자사정으로 전원,응급진료결과 현황
울산,283,2016,환자사정으로 전원,응급진료결과 현황
울산,414,2017,환자사정으로 전원,응급진료결과 현황
울산,329,2018,환자사정으로 전원,응급진료결과 현황
울산,301,2019,환자사정으로 전원,응급진료결과 현황
울산,323,2020,환자사정으로 전원,응급진료결과 현황
울산,335,2021,환자사정으로 전원,응급진료결과 현황
울산,364,2022,환자사정으로 전원,응급진료결과 현황
울산,639,2023,환자사정으로 전원,응급진료결과 현황
울산,420,2024,환자사정으로 전원,응급진료결과 현황
세종,28,2020,환자사정으로 전원,응급진료결과 현황
세종,31,2021,환자사정으로 전원,응급진료결과 현황
세종,37,2022,환자사정으로 전원,응급진료결과 현황
세종,77,2023,환자사정으로 전원,응급진료결과 현황
세종,24,2024,환자사정으로 전원,응급진료결과 현황
경기,5636,2016,환자사정으로 전원,응급진료결과 현황
경기,5906,2017,환자사정으로 전원,응급진료결과 현황
경기,5885,2018,환자사정으로 전원,응급진료결과 현황
경기,6175,2019,환자사정으로 전원,응급진료결과 현황
경기,4513,2020,환자사정으로 전원,응급진료결과 현황
경기,4810,2021,환자사정으로 전원,응급진료결과 현황
경기,3824,2022,환자사정으로 전원,응급진료결과 현황
경기,4646,2023,환자사정으로 전원,응급진료결과 현황
경기,3120,2024,환자사정으로 전원,응급진료결과 현황
강원,2518,2016,환자사정으로 전원,응급진료결과 현황
강원,1560,2017,환자사정으로 전원,응급진료결과 현황
강원,1563,2018,환자사정으로 전원,응급진료결과 현황
강원,1207,2019,환자사정으로 전원,응급진료결과 현황
강원,1075,2020,환자사정으로 전원,응급진료결과 현황
강원,1200,2021,환자사정으로 전원,응급진료결과 현황
강원,1104,2022,환자사정으로 전원,응급진료결과 현황
강원,1073,2023,환자사정으로 전원,응급진료결과 현황
강원,672,2024,환자사정으로 전원,응급진료결과 현황
충북,1138,2016,환자사정으로 전원,응급진료결과 현황
충북,1134,2017,환자사정으로 전원,응급진료결과 현황
충북,988,2018,환자사정으로 전원,응급진료결과 현황
충북,1164,2019,환자사정으로 전원,응급진료결과 현황
충북,754,2020,환자사정으로 전원,응급진료결과 현황
충북,736,2021,환자사정으로 전원,응급진료결과 현황
충북,566,2022,환자사정으로 전원,응급진료결과 현황
충북,602,2023,환자사정으로 전원,응급진료결과 현황
충북,544,2024,환자사정으로 전원,응급진료결과 현황
충남,2619,2016,환자사정으로 전원,응급진료결과 현황
충남,2489,2017,환자사정으로 전원,응급진료결과 현황
충남,2009,2018,환자사정으로 전원,응급진료결과 현황
충남,1666,2019,환자사정으로 전원,응급진료결과 현황
충남,1270,2020,환자사정으로 전원,응급진료결과 현황
충남,1186,2021,환자사정으로 전원,응급진료결과 현황
충남,1124,2022,환자사정으로 전원,응급진료결과 현황
충남,1068,2023,환자사정으로 전원,응급진료결과 현황
충남,795,2024,환자사정으로 전원,응급진료결과 현황
전북,2875,2016,환자사정으로 전원,응급진료결과 현황
전북,2511,2017,환자사정으로 전원,응급진료결과 현황
전북,1858,2018,환자사정으로 전원,응급진료결과 현황
전북,1233,2019,환자사정으로 전원,응급진료결과 현황
전북,860,2020,환자사정으로 전원,응급진료결과 현황
전북,703,2021,환자사정으로 전원,응급진료결과 현황
전북,784,2022,환자사정으로 전원,응급진료결과 현황
전북,726,2023,환자사정으로 전원,응급진료결과 현황
전북,693,2024,환자사정으로 전원,응급진료결과 현황
전남,1615,2016,환자사정으로 전원,응급진료결과 현황
전남,1220,2017,환자사정으로 전원,응급진료결과 현황
전남,1617,2018,환자사정으로 전원,응급진료결과 현황
전남,1353,2019,환자사정으로 전원,응급진료결과 현황
전남,1183,2020,환자사정으로 전원,응급진료결과 현황
전남,1107,2021,환자사정으로 전원,응급진료결과 현황
전남,1076,2022,환자사정으로 전원,응급진료결과 현황
전남,1241,2023,환자사정으로 전원,응급진료결과 현황
전남,993,2024,환자사정으로 전원,응급진료결과 현황
경북,1532,2016,환자사정으로 전원,응급진료결과 현황
경북,1699,2017,환자사정으로 전원,응급진료결과 현황
경북,1493,2018,환자사정으로 전원,응급진료결과 현황
경북,1408,2019,환자사정으로 전원,응급진료결과 현황
경북,948,2020,환자사정으로 전원,응급진료결과 현황
경북,1214,2021,환자사정으로 전원,응급진료결과 현황
경북,1187,2022,환자사정으로 전원,응급진료결과 현황
경북,1319,2023,환자사정으로 전원,응급진료결과 현황
경북,815,2024,환자사정으로 전원,응급진료결과 현황
경남,2548,2016,환자사정으로 전원,응급진료결과 현황
경남,2623,2017,환자사정으로 전원,응급진료결과 현황
경남,2612,2018,환자사정으로 전원,응급진료결과 현황
경남,2341,2019,환자사정으로 전원,응급진료결과 현황
경남,1822,2020,환자사정으로 전원,응급진료결과 현황
경남,1866,2021,환자사정으로 전원,응급진료결과 현황
경남,1452,2022,환자사정으로 전원,응급진료결과 현황
경남,1586,2023,환자사정으로 전원,응급진료결과 현황
경남,1395,2024,환자사정으로 전원,응급진료결과 현황
제주,508,2016,환자사정으로 전원,응급진료결과 현황
제주,506,2017,환자사정으로 전원,응급진료결과 현황
제주,564,2018,환자사정으로 전원,응급진료결과 현황
제주,560,2019,환자사정으로 전원,응급진료결과 현황
제주,382,2020,환자사정으로 전원,응급진료결과 현황
제주,327,2021,환자사정으로 전원,응급진료결과 현황
제주,398,2022,환자사정으로 전원,응급진료결과 현황
제주,325,2023,환자사정으로 전원,응급진료결과 현황
제주,260,2024,환자사정으로 전원,응급진료결과 현황
전체,4098,2016,기타,응급진료결과 현황
전체,3496,2017,기타,응급진료결과 현황
전체,2956,2018,기타,응급진료결과 현황
전체,2611,2019,기타,응급진료결과 현황
전체,2423,2020,기타,응급진료결과 현황
전체,4184,2021,기타,응급진료결과 현황
전체,5645,2022,기타,응급진료결과 현황
전체,3392,2023,기타,응급진료결과 현황
전체,4215,2024,기타,응급진료결과 현황
서울,853,2016,기타,응급진료결과 현황
서울,925,2017,기타,응급진료결과 현황
서울,957,2018,기타,응급진료결과 현황
서울,730,2019,기타,응급진료결과 현황
서울,715,2020,기타,응급진료결과 현황
서울,983,2021,기타,응급진료결과 현황
서울,1412,2022,기타,응급진료결과 현황
서울,1860,2023,기타,응급진료결과 현황
서울,3351,2024,기타,응급진료결과 현황
부산,87,2016,기타,응급진료결과 현황
부산,59,2017,기타,응급진료결과 현황
부산,64,2018,기타,응급진료결과 현황
부산,78,2019,기타,응급진료결과 현황
부산,67,2020,기타,응급진료결과 현황
부산,97,2021,기타,응급진료결과 현황
부산,110,2022,기타,응급진료결과 현황
부산,35,2023,기타,응급진료결과 현황
부산,33,2024,기타,응급진료결과 현황
대구,562,2016,기타,응급진료결과 현황
대구,227,2017,기타,응급진료결과 현황
대구,246,2018,기타,응급진료결과 현황
대구,728,2019,기타,응급진료결과 현황
대구,300,2020,기타,응급진료결과 현황
대구,376,2021,기타,응급진료결과 현황
대구,547,2022,기타,응급진료결과 현황
대구,198,2023,기타,응급진료결과 현황
대구,161,2024,기타,응급진료결과 현황
인천,57,2016,기타,응급진료결과 현황
인천,93,2017,기타,응급진료결과 현황
인천,191,2018,기타,응급진료결과 현황
인천,64,2019,기타,응급진료결과 현황
인천,69,2020,기타,응급진료결과 현황
인천,105,2021,기타,응급진료결과 현황
인천,888,2022,기타,응급진료결과 현황
인천,91,2023,기타,응급진료결과 현황
인천,24,2024,기타,응급진료결과 현황
광주,761,2016,기타,응급진료결과 현황
광주,430,2017,기타,응급진료결과 현황
광주,11,2018,기타,응급진료결과 현황
광주,86,2019,기타,응급진료결과 현황
광주,127,2020,기타,응급진료결과 현황
광주,59,2021,기타,응급진료결과 현황
광주,49,2022,기타,응급진료결과 현황
광주,20,2023,기타,응급진료결과 현황
광주,18,2024,기타,응급진료결과 현황
대전,79,2016,기타,응급진료결과 현황
대전,77,2017,기타,응급진료결과 현황
대전,75,2018,기타,응급진료결과 현황
대전,59,2019,기타,응급진료결과 현황
대전,35,2020,기타,응급진료결과 현황
대전,45,2021,기타,응급진료결과 현황
대전,76,2022,기타,응급진료결과 현황
대전,47,2023,기타,응급진료결과 현황
대전,24,2024,기타,응급진료결과 현황
울산,4,2016,기타,응급진료결과 현황
울산,40,2017,기타,응급진료결과 현황
울산,-,2018,기타,응급진료결과 현황
울산,3,2019,기타,응급진료결과 현황
울산,-,2020,기타,응급진료결과 현황
울산,9,2021,기타,응급진료결과 현황
울산,33,2022,기타,응급진료결과 현황
울산,13,2023,기타,응급진료결과 현황
울산,11,2024,기타,응급진료결과 현황
세종,7,2020,기타,응급진료결과 현황
세종,9,2021,기타,응급진료결과 현황
세종,17,2022,기타,응급진료결과 현황
세종,15,2023,기타,응급진료결과 현황
세종,15,2024,기타,응급진료결과 현황
경기,248,2016,기타,응급진료결과 현황
경기,224,2017,기타,응급진료결과 현황
경기,188,2018,기타,응급진료결과 현황
경기,131,2019,기타,응급진료결과 현황
경기,189,2020,기타,응급진료결과 현황
경기,652,2021,기타,응급진료결과 현황
경기,987,2022,기타,응급진료결과 현황
경기,226,2023,기타,응급진료결과 현황
경기,196,2024,기타,응급진료결과 현황
강원,41,2016,기타,응급진료결과 현황
강원,34,2017,기타,응급진료결과 현황
강원,20,2018,기타,응급진료결과 현황
강원,15,2019,기타,응급진료결과 현황
강원,15,2020,기타,응급진료결과 현황
강원,58,2021,기타,응급진료결과 현황
강원,196,2022,기타,응급진료결과 현황
강원,21,2023,기타,응급진료결과 현황
강원,40,2024,기타,응급진료결과 현황
충북,48,2016,기타,응급진료결과 현황
충북,50,2017,기타,응급진료결과 현황
충북,36,2018,기타,응급진료결과 현황
충북,21,2019,기타,응급진료결과 현황
충북,10,2020,기타,응급진료결과 현황
충북,16,2021,기타,응급진료결과 현황
충북,74,2022,기타,응급진료결과 현황
충북,9,2023,기타,응급진료결과 현황
충북,21,2024,기타,응급진료결과 현황
충남,399,2016,기타,응급진료결과 현황
충남,410,2017,기타,응급진료결과 현황
충남,207,2018,기타,응급진료결과 현황
충남,34,2019,기타,응급진료결과 현황
충남,152,2020,기타,응급진료결과 현황
충남,427,2021,기타,응급진료결과 현황
충남,375,2022,기타,응급진료결과 현황
충남,110,2023,기타,응급진료결과 현황
충남,14,2024,기타,응급진료결과 현황
전북,226,2016,기타,응급진료결과 현황
전북,285,2017,기타,응급진료결과 현황
전북,225,2018,기타,응급진료결과 현황
전북,273,2019,기타,응급진료결과 현황
전북,352,2020,기타,응급진료결과 현황
전북,781,2021,기타,응급진료결과 현황
전북,422,2022,기타,응급진료결과 현황
전북,345,2023,기타,응급진료결과 현황
전북,132,2024,기타,응급진료결과 현황
전남,390,2016,기타,응급진료결과 현황
전남,218,2017,기타,응급진료결과 현황
전남,87,2018,기타,응급진료결과 현황
전남,78,2019,기타,응급진료결과 현황
전남,55,2020,기타,응급진료결과 현황
전남,55,2021,기타,응급진료결과 현황
전남,64,2022,기타,응급진료결과 현황
전남,21,2023,기타,응급진료결과 현황
전남,27,2024,기타,응급진료결과 현황
경북,85,2016,기타,응급진료결과 현황
경북,112,2017,기타,응급진료결과 현황
경북,293,2018,기타,응급진료결과 현황
경북,130,2019,기타,응급진료결과 현황
경북,218,2020,기타,응급진료결과 현황
경북,347,2021,기타,응급진료결과 현황
경북,241,2022,기타,응급진료결과 현황
경북,155,2023,기타,응급진료결과 현황
경북,82,2024,기타,응급진료결과 현황
경남,215,2016,기타,응급진료결과 현황
경남,284,2017,기타,응급진료결과 현황
경남,319,2018,기타,응급진료결과 현황
경남,160,2019,기타,응급진료결과 현황
경남,87,2020,기타,응급진료결과 현황
경남,91,2021,기타,응급진료결과 현황
경남,92,2022,기타,응급진료결과 현황
경남,187,2023,기타,응급진료결과 현황
경남,42,2024,기타,응급진료결과 현황
제주,43,2016,기타,응급진료결과 현황
제주,28,2017,기타,응급진료결과 현황
제주,37,2018,기타,응급진료결과 현황
제주,21,2019,기타,응급진료결과 현황
제주,25,2020,기타,응급진료결과 현황
제주,74,2021,기타,응급진료결과 현황
제주,62,2022,기타,응급진료결과 현황
제주,39,2023,기타,응급진료결과 현황
제주,24,2024,기타,응급진료결과 현황
전체,10620,2016,기타,응급진료결과 현황
전체,8798,2017,기타,응급진료결과 현황
전체,9577,2018,기타,응급진료결과 현황
전체,11868,2019,기타,응급진료결과 현황
전체,22070,2020,기타,응급진료결과 현황
전체,18257,2021,기타,응급진료결과 현황
전체,9549,2022,기타,응급진료결과 현황
전체,5466,2023,기타,응급진료결과 현황
전체,3011,2024,기타,응급진료결과 현황
서울,2578,2016,기타,응급진료결과 현황
서울,2210,2017,기타,응급진료결과 현황
서울,2187,2018,기타,응급진료결과 현황
서울,1945,2019,기타,응급진료결과 현황
서울,3890,2020,기타,응급진료결과 현황
서울,4636,2021,기타,응급진료결과 현황
서울,2036,2022,기타,응급진료결과 현황
서울,964,2023,기타,응급진료결과 현황
서울,231,2024,기타,응급진료결과 현황
부산,1084,2016,기타,응급진료결과 현황
부산,329,2017,기타,응급진료결과 현황
부산,302,2018,기타,응급진료결과 현황
부산,269,2019,기타,응급진료결과 현황
부산,222,2020,기타,응급진료결과 현황
부산,149,2021,기타,응급진료결과 현황
부산,95,2022,기타,응급진료결과 현황
부산,94,2023,기타,응급진료결과 현황
부산,12,2024,기타,응급진료결과 현황
대구,542,2016,기타,응급진료결과 현황
대구,552,2017,기타,응급진료결과 현황
대구,653,2018,기타,응급진료결과 현황
대구,1071,2019,기타,응급진료결과 현황
대구,679,2020,기타,응급진료결과 현황
대구,751,2021,기타,응급진료결과 현황
대구,610,2022,기타,응급진료결과 현황
대구,471,2023,기타,응급진료결과 현황
대구,141,2024,기타,응급진료결과 현황
인천,274,2016,기타,응급진료결과 현황
인천,395,2017,기타,응급진료결과 현황
인천,528,2018,기타,응급진료결과 현황
인천,528,2019,기타,응급진료결과 현황
인천,3579,2020,기타,응급진료결과 현황
인천,1708,2021,기타,응급진료결과 현황
인천,298,2022,기타,응급진료결과 현황
인천,288,2023,기타,응급진료결과 현황
인천,132,2024,기타,응급진료결과 현황
광주,217,2016,기타,응급진료결과 현황
광주,236,2017,기타,응급진료결과 현황
광주,235,2018,기타,응급진료결과 현황
광주,309,2019,기타,응급진료결과 현황
광주,300,2020,기타,응급진료결과 현황
광주,668,2021,기타,응급진료결과 현황
광주,68,2022,기타,응급진료결과 현황
광주,56,2023,기타,응급진료결과 현황
광주,40,2024,기타,응급진료결과 현황
대전,216,2016,기타,응급진료결과 현황
대전,171,2017,기타,응급진료결과 현황
대전,187,2018,기타,응급진료결과 현황
대전,198,2019,기타,응급진료결과 현황
대전,947,2020,기타,응급진료결과 현황
대전,1326,2021,기타,응급진료결과 현황
대전,176,2022,기타,응급진료결과 현황
대전,158,2023,기타,응급진료결과 현황
대전,50,2024,기타,응급진료결과 현황
울산,7,2016,기타,응급진료결과 현황
울산,9,2017,기타,응급진료결과 현황
울산,6,2018,기타,응급진료결과 현황
울산,13,2019,기타,응급진료결과 현황
울산,19,2020,기타,응급진료결과 현황
울산,21,2021,기타,응급진료결과 현황
울산,24,2022,기타,응급진료결과 현황
울산,26,2023,기타,응급진료결과 현황
울산,11,2024,기타,응급진료결과 현황
세종,5,2020,기타,응급진료결과 현황
세종,10,2021,기타,응급진료결과 현황
세종,8,2022,기타,응급진료결과 현황
세종,7,2023,기타,응급진료결과 현황
세종,4,2024,기타,응급진료결과 현황
경기,2422,2016,기타,응급진료결과 현황
경기,2557,2017,기타,응급진료결과 현황
경기,2710,2018,기타,응급진료결과 현황
경기,3086,2019,기타,응급진료결과 현황
경기,4898,2020,기타,응급진료결과 현황
경기,3099,2021,기타,응급진료결과 현황
경기,2487,2022,기타,응급진료결과 현황
경기,1772,2023,기타,응급진료결과 현황
경기,680,2024,기타,응급진료결과 현황
강원,123,2016,기타,응급진료결과 현황
강원,119,2017,기타,응급진료결과 현황
강원,123,2018,기타,응급진료결과 현황
강원,129,2019,기타,응급진료결과 현황
강원,119,2020,기타,응급진료결과 현황
강원,135,2021,기타,응급진료결과 현황
강원,133,2022,기타,응급진료결과 현황
강원,71,2023,기타,응급진료결과 현황
강원,35,2024,기타,응급진료결과 현황
충북,617,2016,기타,응급진료결과 현황
충북,130,2017,기타,응급진료결과 현황
충북,260,2018,기타,응급진료결과 현황
충북,394,2019,기타,응급진료결과 현황
충북,277,2020,기타,응급진료결과 현황
충북,148,2021,기타,응급진료결과 현황
충북,141,2022,기타,응급진료결과 현황
충북,141,2023,기타,응급진료결과 현황
충북,76,2024,기타,응급진료결과 현황
충남,828,2016,기타,응급진료결과 현황
충남,431,2017,기타,응급진료결과 현황
충남,402,2018,기타,응급진료결과 현황
충남,459,2019,기타,응급진료결과 현황
충남,2655,2020,기타,응급진료결과 현황
충남,1063,2021,기타,응급진료결과 현황
충남,232,2022,기타,응급진료결과 현황
충남,159,2023,기타,응급진료결과 현황
충남,135,2024,기타,응급진료결과 현황
전북,839,2016,기타,응급진료결과 현황
전북,905,2017,기타,응급진료결과 현황
전북,1239,2018,기타,응급진료결과 현황
전북,2705,2019,기타,응급진료결과 현황
전북,2861,2020,기타,응급진료결과 현황
전북,3072,2021,기타,응급진료결과 현황
전북,2339,2022,기타,응급진료결과 현황
전북,435,2023,기타,응급진료결과 현황
전북,631,2024,기타,응급진료결과 현황
전남,18,2016,기타,응급진료결과 현황
전남,14,2017,기타,응급진료결과 현황
전남,33,2018,기타,응급진료결과 현황
전남,38,2019,기타,응급진료결과 현황
전남,833,2020,기타,응급진료결과 현황
전남,971,2021,기타,응급진료결과 현황
전남,422,2022,기타,응급진료결과 현황
전남,14,2023,기타,응급진료결과 현황
전남,31,2024,기타,응급진료결과 현황
경북,416,2016,기타,응급진료결과 현황
경북,350,2017,기타,응급진료결과 현황
경북,335,2018,기타,응급진료결과 현황
경북,315,2019,기타,응급진료결과 현황
경북,328,2020,기타,응급진료결과 현황
경북,245,2021,기타,응급진료결과 현황
경북,319,2022,기타,응급진료결과 현황
경북,706,2023,기타,응급진료결과 현황
경북,760,2024,기타,응급진료결과 현황
경남,159,2016,기타,응급진료결과 현황
경남,104,2017,기타,응급진료결과 현황
경남,141,2018,기타,응급진료결과 현황
경남,223,2019,기타,응급진료결과 현황
경남,146,2020,기타,응급진료결과 현황
경남,119,2021,기타,응급진료결과 현황
경남,108,2022,기타,응급진료결과 현황
경남,68,2023,기타,응급진료결과 현황
경남,21,2024,기타,응급진료결과 현황
제주,280,2016,기타,응급진료결과 현황
제주,286,2017,기타,응급진료결과 현황
제주,236,2018,기타,응급진료결과 현황
제주,186,2019,기타,응급진료결과 현황
제주,312,2020,기타,응급진료결과 현황
제주,136,2021,기타,응급진료결과 현황
제주,53,2022,기타,응급진료결과 현황
제주,36,2023,기타,응급진료결과 현황
제주,21,2024,기타,응급진료결과 현황
전체,20547,2016,미상/미입력,응급진료결과 현황
전체,7323,2017,미상/미입력,응급진료결과 현황
전체,2730,2018,미상/미입력,응급진료결과 현황
전체,6319,2019,미상/미입력,응급진료결과 현황
전체,2452,2020,미상/미입력,응급진료결과 현황
전체,3147,2021,미상/미입력,응급진료결과 현황
전체,2368,2022,미상/미입력,응급진료결과 현황
전체,1563,2023,미상/미입력,응급진료결과 현황
전체,1196,2024,미상/미입력,응급진료결과 현황
서울,4916,2016,미상/미입력,응급진료결과 현황
서울,2329,2017,미상/미입력,응급진료결과 현황
서울,823,2018,미상/미입력,응급진료결과 현황
서울,286,2019,미상/미입력,응급진료결과 현황
서울,257,2020,미상/미입력,응급진료결과 현황
서울,210,2021,미상/미입력,응급진료결과 현황
서울,147,2022,미상/미입력,응급진료결과 현황
서울,157,2023,미상/미입력,응급진료결과 현황
서울,90,2024,미상/미입력,응급진료결과 현황
부산,937,2016,미상/미입력,응급진료결과 현황
부산,445,2017,미상/미입력,응급진료결과 현황
부산,17,2018,미상/미입력,응급진료결과 현황
부산,89,2019,미상/미입력,응급진료결과 현황
부산,222,2020,미상/미입력,응급진료결과 현황
부산,90,2021,미상/미입력,응급진료결과 현황
부산,46,2022,미상/미입력,응급진료결과 현황
부산,128,2023,미상/미입력,응급진료결과 현황
부산,93,2024,미상/미입력,응급진료결과 현황
대구,188,2016,미상/미입력,응급진료결과 현황
대구,43,2017,미상/미입력,응급진료결과 현황
대구,237,2018,미상/미입력,응급진료결과 현황
대구,115,2019,미상/미입력,응급진료결과 현황
대구,55,2020,미상/미입력,응급진료결과 현황
대구,37,2021,미상/미입력,응급진료결과 현황
대구,12,2022,미상/미입력,응급진료결과 현황
대구,128,2023,미상/미입력,응급진료결과 현황
대구,43,2024,미상/미입력,응급진료결과 현황
인천,617,2016,미상/미입력,응급진료결과 현황
인천,65,2017,미상/미입력,응급진료결과 현황
인천,59,2018,미상/미입력,응급진료결과 현황
인천,69,2019,미상/미입력,응급진료결과 현황
인천,90,2020,미상/미입력,응급진료결과 현황
인천,79,2021,미상/미입력,응급진료결과 현황
인천,47,2022,미상/미입력,응급진료결과 현황
인천,32,2023,미상/미입력,응급진료결과 현황
인천,26,2024,미상/미입력,응급진료결과 현황
광주,484,2016,미상/미입력,응급진료결과 현황
광주,75,2017,미상/미입력,응급진료결과 현황
광주,535,2018,미상/미입력,응급진료결과 현황
광주,1425,2019,미상/미입력,응급진료결과 현황
광주,33,2020,미상/미입력,응급진료결과 현황
광주,20,2021,미상/미입력,응급진료결과 현황
광주,23,2022,미상/미입력,응급진료결과 현황
광주,22,2023,미상/미입력,응급진료결과 현황
광주,46,2024,미상/미입력,응급진료결과 현황
대전,29,2016,미상/미입력,응급진료결과 현황
대전,5,2017,미상/미입력,응급진료결과 현황
대전,20,2018,미상/미입력,응급진료결과 현황
대전,17,2019,미상/미입력,응급진료결과 현황
대전,12,2020,미상/미입력,응급진료결과 현황
대전,8,2021,미상/미입력,응급진료결과 현황
대전,3,2022,미상/미입력,응급진료결과 현황
대전,52,2023,미상/미입력,응급진료결과 현황
대전,36,2024,미상/미입력,응급진료결과 현황
울산,35,2016,미상/미입력,응급진료결과 현황
울산,6,2017,미상/미입력,응급진료결과 현황
울산,-,2018,미상/미입력,응급진료결과 현황
울산,-,2019,미상/미입력,응급진료결과 현황
울산,-,2020,미상/미입력,응급진료결과 현황
울산,-,2021,미상/미입력,응급진료결과 현황
울산,-,2022,미상/미입력,응급진료결과 현황
울산,3,2023,미상/미입력,응급진료결과 현황
울산,-,2024,미상/미입력,응급진료결과 현황
세종,-,2020,미상/미입력,응급진료결과 현황
세종,-,2021,미상/미입력,응급진료결과 현황
세종,-,2022,미상/미입력,응급진료결과 현황
세종,-,2023,미상/미입력,응급진료결과 현황
세종,-,2024,미상/미입력,응급진료결과 현황
경기,8000,2016,미상/미입력,응급진료결과 현황
경기,1181,2017,미상/미입력,응급진료결과 현황
경기,258,2018,미상/미입력,응급진료결과 현황
경기,1128,2019,미상/미입력,응급진료결과 현황
경기,126,2020,미상/미입력,응급진료결과 현황
경기,88,2021,미상/미입력,응급진료결과 현황
경기,86,2022,미상/미입력,응급진료결과 현황
경기,347,2023,미상/미입력,응급진료결과 현황
경기,292,2024,미상/미입력,응급진료결과 현황
강원,818,2016,미상/미입력,응급진료결과 현황
강원,109,2017,미상/미입력,응급진료결과 현황
강원,71,2018,미상/미입력,응급진료결과 현황
강원,795,2019,미상/미입력,응급진료결과 현황
강원,21,2020,미상/미입력,응급진료결과 현황
강원,46,2021,미상/미입력,응급진료결과 현황
강원,37,2022,미상/미입력,응급진료결과 현황
강원,15,2023,미상/미입력,응급진료결과 현황
강원,1,2024,미상/미입력,응급진료결과 현황
충북,485,2016,미상/미입력,응급진료결과 현황
충북,198,2017,미상/미입력,응급진료결과 현황
충북,222,2018,미상/미입력,응급진료결과 현황
충북,248,2019,미상/미입력,응급진료결과 현황
충북,128,2020,미상/미입력,응급진료결과 현황
충북,147,2021,미상/미입력,응급진료결과 현황
충북,207,2022,미상/미입력,응급진료결과 현황
충북,72,2023,미상/미입력,응급진료결과 현황
충북,21,2024,미상/미입력,응급진료결과 현황
충남,353,2016,미상/미입력,응급진료결과 현황
충남,147,2017,미상/미입력,응급진료결과 현황
충남,49,2018,미상/미입력,응급진료결과 현황
충남,35,2019,미상/미입력,응급진료결과 현황
충남,36,2020,미상/미입력,응급진료결과 현황
충남,53,2021,미상/미입력,응급진료결과 현황
충남,58,2022,미상/미입력,응급진료결과 현황
충남,4,2023,미상/미입력,응급진료결과 현황
충남,26,2024,미상/미입력,응급진료결과 현황
전북,811,2016,미상/미입력,응급진료결과 현황
전북,845,2017,미상/미입력,응급진료결과 현황
전북,48,2018,미상/미입력,응급진료결과 현황
전북,1875,2019,미상/미입력,응급진료결과 현황
전북,1337,2020,미상/미입력,응급진료결과 현황
전북,2126,2021,미상/미입력,응급진료결과 현황
전북,1542,2022,미상/미입력,응급진료결과 현황
전북,426,2023,미상/미입력,응급진료결과 현황
전북,413,2024,미상/미입력,응급진료결과 현황
전남,709,2016,미상/미입력,응급진료결과 현황
전남,1005,2017,미상/미입력,응급진료결과 현황
전남,135,2018,미상/미입력,응급진료결과 현황
전남,171,2019,미상/미입력,응급진료결과 현황
전남,94,2020,미상/미입력,응급진료결과 현황
전남,103,2021,미상/미입력,응급진료결과 현황
전남,119,2022,미상/미입력,응급진료결과 현황
전남,113,2023,미상/미입력,응급진료결과 현황
전남,83,2024,미상/미입력,응급진료결과 현황
경북,313,2016,미상/미입력,응급진료결과 현황
경북,206,2017,미상/미입력,응급진료결과 현황
경북,46,2018,미상/미입력,응급진료결과 현황
경북,31,2019,미상/미입력,응급진료결과 현황
경북,15,2020,미상/미입력,응급진료결과 현황
경북,17,2021,미상/미입력,응급진료결과 현황
경북,17,2022,미상/미입력,응급진료결과 현황
경북,8,2023,미상/미입력,응급진료결과 현황
경북,10,2024,미상/미입력,응급진료결과 현황
경남,1691,2016,미상/미입력,응급진료결과 현황
경남,627,2017,미상/미입력,응급진료결과 현황
경남,181,2018,미상/미입력,응급진료결과 현황
경남,20,2019,미상/미입력,응급진료결과 현황
경남,11,2020,미상/미입력,응급진료결과 현황
경남,117,2021,미상/미입력,응급진료결과 현황
경남,21,2022,미상/미입력,응급진료결과 현황
경남,36,2023,미상/미입력,응급진료결과 현황
경남,13,2024,미상/미입력,응급진료결과 현황
제주,161,2016,미상/미입력,응급진료결과 현황
제주,37,2017,미상/미입력,응급진료결과 현황
제주,29,2018,미상/미입력,응급진료결과 현황
제주,15,2019,미상/미입력,응급진료결과 현황
제주,15,2020,미상/미입력,응급진료결과 현황
제주,6,2021,미상/미입력,응급진료결과 현황
제주,3,2022,미상/미입력,응급진료결과 현황
제주,20,2023,미상/미입력,응급진료결과 현황
제주,3,2024,미상/미입력,응급진료결과 현황
